name,symbol,decimals,total_supply,total_supply_in_wei,contract_address,mint_time,logo,status,vesting_address,factory_contract
Tingles,TING,4,10000000,100000000000,0xd1B183f425F7E6A0C83aB1cd84cFDE2d84Ba049d,2019-07-10 23:50:13 +0000 UTC,https://raw.githubusercontent.com/roll-assets/ethereum/main/assets/0xd1b183f425f7e6a0c83ab1cd84cfde2d84ba049d/logo.png,confirmed,,0xdf65f4e6f2e9436bc1de1e00661c7108290e8bd3
Worthy,WORTH,4,10000000,100000000000,0xb94d7eb7b3E993C59E6084623b5debe09aD45611,2019-07-18 16:23:20 +0000 UTC,https://raw.githubusercontent.com/roll-assets/ethereum/main/assets/0xb94d7eb7b3e993c59e6084623b5debe09ad45611/logo.png,confirmed,,0xdf65f4e6f2e9436bc1de1e00661c7108290e8bd3
Alohas,ALOHA,4,10000000,100000000000,0x791FDF274326eb7d8A5e1e939A01107fe7E9569d,2019-07-25 17:47:15 +0000 UTC,https://raw.githubusercontent.com/roll-assets/ethereum/main/assets/0x791fdf274326eb7d8a5e1e939a01107fe7e9569d/logo.png,confirmed,,0xdf65f4e6f2e9436bc1de1e00661c7108290e8bd3
Crunchies,CRNCH,4,10000000,100000000000,0xB4cad6Ff942C781455caC4E6bE1C3A0b7b854315,2019-07-25 13:16:51 +0000 UTC,https://raw.githubusercontent.com/roll-assets/ethereum/main/assets/0xb4cad6ff942c781455cac4e6be1c3a0b7b854315/logo.png,confirmed,,0xdf65f4e6f2e9436bc1de1e00661c7108290e8bd3
Bread,BREAD,4,10000000,100000000000,0x0ca87a543133AD7330B90197F2bB81e3Bd39eD0C,2019-07-28 21:14:42 +0000 UTC,https://raw.githubusercontent.com/roll-assets/ethereum/main/assets/0x0ca87a543133ad7330b90197f2bb81e3bd39ed0c/logo.png,confirmed,,0xdf65f4e6f2e9436bc1de1e00661c7108290e8bd3
Hue,HUE,4,10000000,100000000000,0xDcfE18bc46f5A0Cd0d3Af0c2155d2bCB5AdE2fc5,2019-08-29 14:47:50 +0000 UTC,https://raw.githubusercontent.com/roll-assets/ethereum/main/assets/0xdcfe18bc46f5a0cd0d3af0c2155d2bcb5ade2fc5/logo.png,confirmed,,0xdf65f4e6f2e9436bc1de1e00661c7108290e8bd3
Ultra,ULTRA,4,10000000,100000000000,0x903398a24a19E34281fa0716c87115893F18175a,2019-08-29 21:31:05 +0000 UTC,https://raw.githubusercontent.com/roll-assets/ethereum/main/assets/0x903398a24a19e34281fa0716c87115893f18175a/logo.png,confirmed,,0xdf65f4e6f2e9436bc1de1e00661c7108290e8bd3
Doom,DOOM,4,10000000,100000000000,0xA4F9CEC920cA520a7FEB2c3A63050e08967bc111,2019-09-12 16:56:26 +0000 UTC,https://raw.githubusercontent.com/roll-assets/ethereum/main/assets/0xa4f9cec920ca520a7feb2c3a63050e08967bc111/logo.png,confirmed,,0xdf65f4e6f2e9436bc1de1e00661c7108290e8bd3
Gou,GOU,4,10000000,100000000000,0xB19977B23b40D59254B8f5A0BdB67076B4FA0bC6,2019-09-06 23:47:13 +0000 UTC,https://raw.githubusercontent.com/roll-assets/ethereum/main/assets/0xb19977b23b40d59254b8f5a0bdb67076b4fa0bc6/logo.png,confirmed,,0xdf65f4e6f2e9436bc1de1e00661c7108290e8bd3
Moose,MM,4,10000000,100000000000,0xcf0425a35f1FA900bb347Cb996D3094D1dF3Cd48,2019-09-19 22:01:17 +0000 UTC,https://raw.githubusercontent.com/roll-assets/ethereum/main/assets/0xcf0425a35f1fa900bb347cb996d3094d1df3cd48/logo.png,confirmed,,0xdf65f4e6f2e9436bc1de1e00661c7108290e8bd3
Howl,HOWL,4,10000000,100000000000,0xD1dC64B4bDaab103A72BF4778A33740704AFf380,2019-09-20 20:13:43 +0000 UTC,https://raw.githubusercontent.com/roll-assets/ethereum/main/assets/0xd1dc64b4bdaab103a72bf4778a33740704aff380/logo.png,confirmed,,0xdf65f4e6f2e9436bc1de1e00661c7108290e8bd3
Xhuman,XHUMAN,4,10000000,100000000000,0x40aEea2e6c280E41cb88eC05673ba6C027C9c30c,2019-09-23 19:44:52 +0000 UTC,https://raw.githubusercontent.com/roll-assets/ethereum/main/assets/0x40aeea2e6c280e41cb88ec05673ba6c027c9c30c/logo.png,confirmed,,0xdf65f4e6f2e9436bc1de1e00661c7108290e8bd3
Skull,SKULL,4,10000000,100000000000,0xBcc66ed2aB491e9aE7Bf8386541Fb17421Fa9d35,2019-09-25 19:33:00 +0000 UTC,https://raw.githubusercontent.com/roll-assets/ethereum/main/assets/0xbcc66ed2ab491e9ae7bf8386541fb17421fa9d35/logo.png,confirmed,,0xdf65f4e6f2e9436bc1de1e00661c7108290e8bd3
WGM,WGM,4,10000000,100000000000,0x219803d17f3067eb53d521ba8948d2734f402f7d,2019-10-03 18:59:53 +0000 UTC,https://raw.githubusercontent.com/roll-assets/ethereum/main/assets/0x219803d17f3067eb53d521ba8948d2734f402f7d/logo.png,confirmed,,0xdf65f4e6f2e9436bc1de1e00661c7108290e8bd3
Jiho,JIHO,4,10000000,100000000000,0xCeb40CecF67280E5e6918F3Af5139e7f823A5d5F,2019-10-13 23:02:31 +0000 UTC,https://raw.githubusercontent.com/roll-assets/ethereum/main/assets/0xceb40cecf67280e5e6918f3af5139e7f823a5d5f/logo.png,confirmed,,0xdf65f4e6f2e9436bc1de1e00661c7108290e8bd3
Bertbit,BERT,4,10000000,100000000000,0x6e9DE2e85A8C1188995FeCea289b3F22E489bB12,2019-10-15 12:55:57 +0000 UTC,https://raw.githubusercontent.com/roll-assets/ethereum/main/assets/0x6e9de2e85a8c1188995fecea289b3f22e489bb12/logo.png,confirmed,,0xdf65f4e6f2e9436bc1de1e00661c7108290e8bd3
Meeps,MEEPS,4,10000000,100000000000,0xE0d0Ee58499F25fE790da2AbAc44C32B0a1D589E,2019-10-14 20:27:01 +0000 UTC,https://raw.githubusercontent.com/roll-assets/ethereum/main/assets/0xe0d0ee58499f25fe790da2abac44c32b0a1d589e/logo.png,confirmed,,0xdf65f4e6f2e9436bc1de1e00661c7108290e8bd3
gasm,GASM,4,10000000,100000000000,0xdE9387df6A36D99696b10056d18174886eDcC797,2019-10-15 17:12:46 +0000 UTC,https://raw.githubusercontent.com/roll-assets/ethereum/main/assets/0xde9387df6a36d99696b10056d18174886edcc797/logo.png,confirmed,,0xdf65f4e6f2e9436bc1de1e00661c7108290e8bd3
Jivinci,JIV,4,10000000,100000000000,0xAA1A039450123f8d55eDEa10E48bc8D44c87edDe,2019-10-16 02:23:02 +0000 UTC,https://raw.githubusercontent.com/roll-assets/ethereum/main/assets/0xaa1a039450123f8d55edea10e48bc8d44c87edde/logo.png,confirmed,,0xdf65f4e6f2e9436bc1de1e00661c7108290e8bd3
Pet3rpan,PETER,4,10000000,100000000000,0x1Bf7F59590048E9e1825CA177b2aBc587383dE0f,2019-10-26 14:23:38 +0000 UTC,https://raw.githubusercontent.com/roll-assets/ethereum/main/assets/0x1bf7f59590048e9e1825ca177b2abc587383de0f/logo.png,confirmed,,0xdf65f4e6f2e9436bc1de1e00661c7108290e8bd3
BloodyPercent,BPC,4,10000000,100000000000,0xF21D65979bD89b28f05EF19F3c65dd2A1D02946D,2019-10-20 19:27:09 +0000 UTC,https://raw.githubusercontent.com/roll-assets/ethereum/main/assets/0xf21d65979bd89b28f05ef19f3c65dd2a1d02946d/logo.png,confirmed,,0xdf65f4e6f2e9436bc1de1e00661c7108290e8bd3
Yumi,YUMI,4,10000000,100000000000,0x25859743ED0861665611B81E47682e889b48313B,2019-11-04 00:39:46 +0000 UTC,https://raw.githubusercontent.com/roll-assets/ethereum/main/assets/0x25859743ed0861665611b81e47682e889b48313b/logo.png,confirmed,,0xdf65f4e6f2e9436bc1de1e00661c7108290e8bd3
RODZ,RODZ,4,10000000,100000000000,0xA685D6f87E3bE27D72Ce216842147c4149e0Ce9a,2019-11-05 17:34:06 +0000 UTC,https://raw.githubusercontent.com/roll-assets/ethereum/main/assets/0xa685d6f87e3be27d72ce216842147c4149e0ce9a/logo.png,confirmed,,0xdf65f4e6f2e9436bc1de1e00661c7108290e8bd3
Kangdom,KANGG,4,10000000,100000000000,0x785AfB6062004F52A1d6A4323860e56803bc14D0,2019-11-05 20:24:27 +0000 UTC,https://raw.githubusercontent.com/roll-assets/ethereum/main/assets/0x785afb6062004f52a1d6a4323860e56803bc14d0/logo.png,confirmed,,0xdf65f4e6f2e9436bc1de1e00661c7108290e8bd3
Bard,BARD,4,10000000,100000000000,0xe05C99fd798C09C066B87d841eCF89Dac4B4856E,2019-11-06 22:20:26 +0000 UTC,https://raw.githubusercontent.com/roll-assets/ethereum/main/assets/0xe05c99fd798c09c066b87d841ecf89dac4b4856e/logo.png,confirmed,,0xdf65f4e6f2e9436bc1de1e00661c7108290e8bd3
RADAR,RDR,4,10000000,100000000000,0x3C9Ca73d5309d38c6F2C21b78b9aE1f4b2441188,2019-11-06 19:26:31 +0000 UTC,https://raw.githubusercontent.com/roll-assets/ethereum/main/assets/0x3c9ca73d5309d38c6f2c21b78b9ae1f4b2441188/logo.png,confirmed,,0xdf65f4e6f2e9436bc1de1e00661c7108290e8bd3
SPONT,SPONT,4,10000000,100000000000,0x3a4282b8fFBae5De5AB6E29bAd3d08d83902Ebd2,2019-11-07 18:27:21 +0000 UTC,https://raw.githubusercontent.com/roll-assets/ethereum/main/assets/0x3a4282b8ffbae5de5ab6e29bad3d08d83902ebd2/logo.png,confirmed,,0xdf65f4e6f2e9436bc1de1e00661c7108290e8bd3
Forcer,FORCER,4,10000000,100000000000,0xC1fB6C015fC535aBD331D3029De76a62e412Fb23,2019-11-12 00:05:28 +0000 UTC,https://raw.githubusercontent.com/roll-assets/ethereum/main/assets/0xc1fb6c015fc535abd331d3029de76a62e412fb23/logo.png,confirmed,,0xdf65f4e6f2e9436bc1de1e00661c7108290e8bd3
ASTRO,ASR,4,10000000,100000000000,0x91499862FE157531e8Ed62a6fFfaAf6259B26aBB,2019-11-15 17:14:54 +0000 UTC,https://raw.githubusercontent.com/roll-assets/ethereum/main/assets/0x91499862fe157531e8ed62a6fffaaf6259b26abb/logo.png,confirmed,,0xdf65f4e6f2e9436bc1de1e00661c7108290e8bd3
Demintiger,DEMIN,4,10000000,100000000000,0x90cCc1097A9646E8B12B51C52B4Fd298f014cD0C,2019-11-15 16:49:51 +0000 UTC,https://raw.githubusercontent.com/roll-assets/ethereum/main/assets/0x90ccc1097a9646e8b12b51c52b4fd298f014cd0c/logo.png,confirmed,,0xdf65f4e6f2e9436bc1de1e00661c7108290e8bd3
PYGOZ,PYGOZ,4,10000000,100000000000,0xbB98Fc1fD1080D2B8bdaD75c51D30B50c6F59b62,2019-11-16 02:20:29 +0000 UTC,https://raw.githubusercontent.com/roll-assets/ethereum/main/assets/0xbb98fc1fd1080d2b8bdad75c51d30b50c6f59b62/logo.png,confirmed,,0xdf65f4e6f2e9436bc1de1e00661c7108290e8bd3
Gcash,GCASH,4,10000000,100000000000,0xc53f6C2Ac35D30cc47Ddf3C320874b21dFA38791,2019-11-16 04:18:34 +0000 UTC,https://raw.githubusercontent.com/roll-assets/ethereum/main/assets/0xc53f6c2ac35d30cc47ddf3c320874b21dfa38791/logo.png,confirmed,,0xdf65f4e6f2e9436bc1de1e00661c7108290e8bd3
Buds,BUDS,4,10000000,100000000000,0xe3BDc497D8d96BC755Ff80d2942775F797Af0226,2019-11-17 04:54:49 +0000 UTC,https://raw.githubusercontent.com/roll-assets/ethereum/main/assets/0xe3bdc497d8d96bc755ff80d2942775f797af0226/logo.png,confirmed,,0xdf65f4e6f2e9436bc1de1e00661c7108290e8bd3
Wurst,WURST,4,10000000,100000000000,0x26fE5f779AeE2c6E2099610d470679c6bAC0FFfA,2019-11-20 17:27:26 +0000 UTC,https://raw.githubusercontent.com/roll-assets/ethereum/main/assets/0x26fe5f779aee2c6e2099610d470679c6bac0fffa/logo.png,confirmed,,0xdf65f4e6f2e9436bc1de1e00661c7108290e8bd3
GATS,GATS,4,10000000,100000000000,0x4bA93f83b131C2450D5bC1982E3F2a1751Aa8E41,2019-11-21 04:31:41 +0000 UTC,https://raw.githubusercontent.com/roll-assets/ethereum/main/assets/0x4ba93f83b131c2450d5bc1982e3f2a1751aa8e41/logo.png,confirmed,,0xdf65f4e6f2e9436bc1de1e00661c7108290e8bd3
BUZZ,BUZZ,4,10000000,100000000000,0x00D270d9A41886A8E6E433911AE2F7D257b60051,2019-11-21 03:42:52 +0000 UTC,https://raw.githubusercontent.com/roll-assets/ethereum/main/assets/0x00d270d9a41886a8e6e433911ae2f7d257b60051/logo.png,confirmed,,0xdf65f4e6f2e9436bc1de1e00661c7108290e8bd3
NEETBucks,NEET,4,10000000,100000000000,0x81C31e61F9FFDB5e0aBED8837fDe875135e8a0Ae,2019-11-21 20:39:33 +0000 UTC,https://raw.githubusercontent.com/roll-assets/ethereum/main/assets/0x81c31e61f9ffdb5e0abed8837fde875135e8a0ae/logo.png,confirmed,,0xdf65f4e6f2e9436bc1de1e00661c7108290e8bd3
SHG,SHG,4,10000000,100000000000,0x3B3dBF25b282e6682f9630D36Af226AD78fbD93f,2019-11-21 21:06:27 +0000 UTC,https://raw.githubusercontent.com/roll-assets/ethereum/main/assets/0x3b3dbf25b282e6682f9630d36af226ad78fbd93f/logo.png,confirmed,,0xdf65f4e6f2e9436bc1de1e00661c7108290e8bd3
Anarchy,NRKY,4,10000000,100000000000,0x5D1252cCFb46313A7bbF2FB4872899Aef3e22672,2019-11-21 21:22:51 +0000 UTC,https://raw.githubusercontent.com/roll-assets/ethereum/main/assets/0x5d1252ccfb46313a7bbf2fb4872899aef3e22672/logo.png,confirmed,,0xdf65f4e6f2e9436bc1de1e00661c7108290e8bd3
LOU Gold,LOU,4,10000000,100000000000,0xB3F8e8D5cf9B47d245771c7b5141b0D1Ed5D5dc4,2019-11-21 22:08:11 +0000 UTC,https://raw.githubusercontent.com/roll-assets/ethereum/main/assets/0xb3f8e8d5cf9b47d245771c7b5141b0d1ed5d5dc4/logo.png,confirmed,,0xdf65f4e6f2e9436bc1de1e00661c7108290e8bd3
SCB,SCB,4,10000000,100000000000,0x8AAA0D43cc86ed98b7aA9c8e1f87A319Cd873DC4,2019-11-25 18:13:56 +0000 UTC,https://raw.githubusercontent.com/roll-assets/ethereum/main/assets/0x8aaa0d43cc86ed98b7aa9c8e1f87a319cd873dc4/logo.png,confirmed,,0xdf65f4e6f2e9436bc1de1e00661c7108290e8bd3
NERD,NERD,4,10000000,100000000000,0x76205B5F5D579e13cE33d1242667F12010209A45,2019-11-22 18:37:00 +0000 UTC,https://raw.githubusercontent.com/roll-assets/ethereum/main/assets/0x76205b5f5d579e13ce33d1242667f12010209a45/logo.png,confirmed,,0xdf65f4e6f2e9436bc1de1e00661c7108290e8bd3
ShamblesBucks,SHAMBL,4,10000000,100000000000,0xf13C39926585DdbB02C439C3cd119a1C1d894EBC,2019-11-24 04:55:54 +0000 UTC,https://raw.githubusercontent.com/roll-assets/ethereum/main/assets/0xf13c39926585ddbb02c439c3cd119a1c1d894ebc/logo.png,confirmed,,0xdf65f4e6f2e9436bc1de1e00661c7108290e8bd3
HUEHUEHUEBR,HUEBR,4,10000000,100000000000,0xFA8e3582D22667177e3e697750DC8cC8640CA0F4,2019-12-03 21:59:38 +0000 UTC,https://raw.githubusercontent.com/roll-assets/ethereum/main/assets/0xfa8e3582d22667177e3e697750dc8cc8640ca0f4/logo.png,confirmed,,0xdf65f4e6f2e9436bc1de1e00661c7108290e8bd3
ExtraCurio,CURIO,4,10000000,100000000000,0x4b46636aFCb2BC4DD20C3D0424c4E1e6D296Fabe,2019-12-03 23:00:46 +0000 UTC,https://raw.githubusercontent.com/roll-assets/ethereum/main/assets/0x4b46636afcb2bc4dd20c3d0424c4e1e6d296fabe/logo.png,confirmed,,0xdf65f4e6f2e9436bc1de1e00661c7108290e8bd3
AlexMasmej,ALEX,4,10000000,100000000000,0x8BA6DcC667d3FF64C1A2123cE72FF5F0199E5315,2019-12-04 17:12:18 +0000 UTC,https://raw.githubusercontent.com/roll-assets/ethereum/main/assets/0x8ba6dcc667d3ff64c1a2123ce72ff5f0199e5315/logo.png,confirmed,,0xdf65f4e6f2e9436bc1de1e00661c7108290e8bd3
SUS,SUS,4,10000000,100000000000,0xC31296B3e84fF18893a14cE1b6D7E683d6608Eb5,2019-12-06 04:57:12 +0000 UTC,https://raw.githubusercontent.com/roll-assets/ethereum/main/assets/0xc31296b3e84ff18893a14ce1b6d7e683d6608eb5/logo.png,confirmed,,0xdf65f4e6f2e9436bc1de1e00661c7108290e8bd3
KERN,KERN,4,10000000,100000000000,0x43B9a9D6a7C1E42b16Ac66a984c16cA78ce77cc7,2019-12-08 20:59:11 +0000 UTC,https://raw.githubusercontent.com/roll-assets/ethereum/main/assets/0x43b9a9d6a7c1e42b16ac66a984c16ca78ce77cc7/logo.png,confirmed,,0xdf65f4e6f2e9436bc1de1e00661c7108290e8bd3
Weebs,WEEBS,4,10000000,100000000000,0x1074608E45b42eB25D1E97382E8a1d151987EAbA,2019-12-06 21:23:02 +0000 UTC,https://raw.githubusercontent.com/roll-assets/ethereum/main/assets/0x1074608e45b42eb25d1e97382e8a1d151987eaba/logo.png,confirmed,,0xdf65f4e6f2e9436bc1de1e00661c7108290e8bd3
YGG,YGG,4,10000000,100000000000,0xC254664c7408Dde413969fBcD593328F6099E32f,2019-12-07 01:20:09 +0000 UTC,https://raw.githubusercontent.com/roll-assets/ethereum/main/assets/0xc254664c7408dde413969fbcd593328f6099e32f/logo.png,confirmed,,0xdf65f4e6f2e9436bc1de1e00661c7108290e8bd3
JDSNAP,JDSNAP,4,10000000,100000000000,0xEec1E4F17057969D009e0EF8406aEE27D98e4a52,2019-12-07 00:59:03 +0000 UTC,https://raw.githubusercontent.com/roll-assets/ethereum/main/assets/0xeec1e4f17057969d009e0ef8406aee27d98e4a52/logo.png,confirmed,,0xdf65f4e6f2e9436bc1de1e00661c7108290e8bd3
HiveMind,HIVED,4,10000000,100000000000,0x24eBA89651aa88810924D4669256Bb56832902fe,2019-12-07 00:45:25 +0000 UTC,https://raw.githubusercontent.com/roll-assets/ethereum/main/assets/0x24eba89651aa88810924d4669256bb56832902fe/logo.png,confirmed,,0xdf65f4e6f2e9436bc1de1e00661c7108290e8bd3
OHFF,OHFF,4,10000000,100000000000,0xf0AaBeAcbC2D91BAf21bDA0006C9D65DE736053a,2020-01-08 19:06:45 +0000 UTC,https://raw.githubusercontent.com/roll-assets/ethereum/main/assets/0xf0aabeacbc2d91baf21bda0006c9d65de736053a/logo.png,proposed/rejected,,0xdf65f4e6f2e9436bc1de1e00661c7108290e8bd3
C3T,C3T,4,10000000,100000000000,0x1278FdA914F46c92CcFe2fa7578eb8940a8ceA88,2019-12-07 01:35:15 +0000 UTC,https://raw.githubusercontent.com/roll-assets/ethereum/main/assets/0x1278fda914f46c92ccfe2fa7578eb8940a8cea88/logo.png,confirmed,,0xdf65f4e6f2e9436bc1de1e00661c7108290e8bd3
Dude,DUDE,4,10000000,100000000000,0xE98b5F11897d42Afd17185dd301Bcb2d46389bF1,2019-12-10 01:48:30 +0000 UTC,https://raw.githubusercontent.com/roll-assets/ethereum/main/assets/0xe98b5f11897d42afd17185dd301bcb2d46389bf1/logo.png,confirmed,,0xdf65f4e6f2e9436bc1de1e00661c7108290e8bd3
Julien,JULIEN,4,10000000,100000000000,0xe6710e0CdA178f3D921f456902707B0d4C4A332B,2019-12-11 20:40:09 +0000 UTC,https://raw.githubusercontent.com/roll-assets/ethereum/main/assets/0xe6710e0cda178f3d921f456902707b0d4c4a332b/logo.png,confirmed,,0xdf65f4e6f2e9436bc1de1e00661c7108290e8bd3
Calvin,CALVIN,4,10000000,100000000000,0xdc8092AaF83e00Ebf9B01A2e90b7B7eF867ba503,2019-12-11 05:07:41 +0000 UTC,https://raw.githubusercontent.com/roll-assets/ethereum/main/assets/0xdc8092aaf83e00ebf9b01a2e90b7b7ef867ba503/logo.png,confirmed,,0xdf65f4e6f2e9436bc1de1e00661c7108290e8bd3
Mork,MORK,4,10000000,100000000000,0xf552b656022c218C26dAd43ad88881Fc04116F76,2019-12-12 15:04:21 +0000 UTC,https://raw.githubusercontent.com/roll-assets/ethereum/main/assets/0xf552b656022c218c26dad43ad88881fc04116f76/logo.png,confirmed,,0xdf65f4e6f2e9436bc1de1e00661c7108290e8bd3
NiMA,NIMA,4,10000000,100000000000,0x8F564dc862FfE7EC0436C3717EC7ED06150144E2,2019-12-11 22:00:57 +0000 UTC,https://raw.githubusercontent.com/roll-assets/ethereum/main/assets/0x8f564dc862ffe7ec0436c3717ec7ed06150144e2/logo.png,confirmed,,0xdf65f4e6f2e9436bc1de1e00661c7108290e8bd3
Trent,TRENT,4,10000000,100000000000,0x4fe704E0a9a69389bD1a6351a5242B45d9867830,2019-12-12 18:07:16 +0000 UTC,https://raw.githubusercontent.com/roll-assets/ethereum/main/assets/0x4fe704e0a9a69389bd1a6351a5242b45d9867830/logo.png,confirmed,,0xdf65f4e6f2e9436bc1de1e00661c7108290e8bd3
CHRIS,CHRIS,4,10000000,100000000000,0x3E9CD39b064b321Db0a1E344228F44c35e672f96,2019-12-13 18:16:56 +0000 UTC,https://raw.githubusercontent.com/roll-assets/ethereum/main/assets/0x3e9cd39b064b321db0a1e344228f44c35e672f96/logo.png,confirmed,,0xdf65f4e6f2e9436bc1de1e00661c7108290e8bd3
CAMI,CAMI,4,10000000,100000000000,0xA809CeDeE9B61956c768EAa10272dd5E0FD1A985,2019-12-15 01:21:53 +0000 UTC,https://raw.githubusercontent.com/roll-assets/ethereum/main/assets/0xa809cedee9b61956c768eaa10272dd5e0fd1a985/logo.png,confirmed,,0xdf65f4e6f2e9436bc1de1e00661c7108290e8bd3
Alxocity,ALXO,4,10000000,100000000000,0x4317Ea4820F8D9ea6A103553A89Cb261B6Ea7F2a,2019-12-15 03:03:29 +0000 UTC,https://raw.githubusercontent.com/roll-assets/ethereum/main/assets/0x4317ea4820f8d9ea6a103553a89cb261b6ea7f2a/logo.png,confirmed,,0xdf65f4e6f2e9436bc1de1e00661c7108290e8bd3
Boom,BOOM,4,10000000,100000000000,0x40957E187061f480007744FCDcF609e1179bace9,2019-12-15 03:16:52 +0000 UTC,https://raw.githubusercontent.com/roll-assets/ethereum/main/assets/0x40957e187061f480007744fcdcf609e1179bace9/logo.png,confirmed,,0xdf65f4e6f2e9436bc1de1e00661c7108290e8bd3
mZ,MZ,4,10000000,100000000000,0x7A639e580Ef90e9B19570f25D369E00d71a9e793,2019-12-16 01:19:24 +0000 UTC,https://raw.githubusercontent.com/roll-assets/ethereum/main/assets/0x7a639e580ef90e9b19570f25d369e00d71a9e793/logo.png,confirmed,,0xdf65f4e6f2e9436bc1de1e00661c7108290e8bd3
UBIpromoter,UBIPRO,4,10000000,100000000000,0x991bd92D0dc8Af7bCc597AF1B0014a3CEc9f2460,2020-01-08 20:51:54 +0000 UTC,https://raw.githubusercontent.com/roll-assets/ethereum/main/assets/0x991bd92d0dc8af7bcc597af1b0014a3cec9f2460/logo.png,confirmed,,0xdf65f4e6f2e9436bc1de1e00661c7108290e8bd3
JESSE,JESSE,4,10000000,100000000000,0x876638FBCFa572E70816cE96B97B5D5187AcFF40,2020-04-15 21:04:26 +0000 UTC,https://raw.githubusercontent.com/roll-assets/ethereum/main/assets/0x876638fbcfa572e70816ce96b97b5d5187acff40/logo.png,confirmed,,0xdf65f4e6f2e9436bc1de1e00661c7108290e8bd3
MNFT,MNFT,4,10000000,100000000000,0xDB7eB3edE973665b1BB9F3016861E3255062E4ED,2020-01-08 18:42:49 +0000 UTC,https://raw.githubusercontent.com/roll-assets/ethereum/main/assets/0xdb7eb3ede973665b1bb9f3016861e3255062e4ed/logo.png,proposed/rejected,,0xdf65f4e6f2e9436bc1de1e00661c7108290e8bd3
GRR,GRR,4,10000000,100000000000,0xF2720ee75Ffca2aA765121c5958f6d3D32Bf671d,2020-01-13 21:52:55 +0000 UTC,https://raw.githubusercontent.com/roll-assets/ethereum/main/assets/0xf2720ee75ffca2aa765121c5958f6d3d32bf671d/logo.png,confirmed,,0xdf65f4e6f2e9436bc1de1e00661c7108290e8bd3
SCOTT,SCOTT,4,10000000,100000000000,0x27fD686Db10E0aE047fe8FE1DE9830C0e0dC3CFA,2020-01-08 19:30:41 +0000 UTC,https://raw.githubusercontent.com/roll-assets/ethereum/main/assets/0x27fd686db10e0ae047fe8fe1de9830c0e0dc3cfa/logo.png,proposed/rejected,,0xdf65f4e6f2e9436bc1de1e00661c7108290e8bd3
ZAPH Token,ZAPH,4,10000000,100000000000,0x9F675e2C53ED88168E5928747CAf31062Da24f21,2020-01-10 22:01:50 +0000 UTC,https://raw.githubusercontent.com/roll-assets/ethereum/main/assets/0x9f675e2c53ed88168e5928747caf31062da24f21/logo.png,confirmed,,0xdf65f4e6f2e9436bc1de1e00661c7108290e8bd3
CAMO,CAMO,4,10000000,100000000000,0xE86A746330b0B691323d2CbB5c140F77D7F198A4,2020-01-08 20:03:29 +0000 UTC,https://raw.githubusercontent.com/roll-assets/ethereum/main/assets/0xe86a746330b0b691323d2cbb5c140f77d7f198a4/logo.png,confirmed,,0xdf65f4e6f2e9436bc1de1e00661c7108290e8bd3
Commoner,CMNR,4,10000000,100000000000,0x3fa1e31E3E24b5AcB754910e0015fEBD23f18ec7,2020-01-08 21:14:21 +0000 UTC,https://raw.githubusercontent.com/roll-assets/ethereum/main/assets/0x3fa1e31e3e24b5acb754910e0015febd23f18ec7/logo.png,confirmed,,0xdf65f4e6f2e9436bc1de1e00661c7108290e8bd3
Voke,VOKE,4,10000000,100000000000,0xD858c11A1E990d7d02e0897b9B19dAdEf8171832,2020-01-08 20:29:52 +0000 UTC,https://raw.githubusercontent.com/roll-assets/ethereum/main/assets/0xd858c11a1e990d7d02e0897b9b19dadef8171832/logo.png,confirmed,,0xdf65f4e6f2e9436bc1de1e00661c7108290e8bd3
JACOB,JACOB,4,10000000,100000000000,0xD716905047C61d92Ef634F97D3D746747C08448A,2020-01-14 21:09:37 +0000 UTC,https://raw.githubusercontent.com/roll-assets/ethereum/main/assets/0xd716905047c61d92ef634f97d3d746747c08448a/logo.png,confirmed,,0xdf65f4e6f2e9436bc1de1e00661c7108290e8bd3
WONTON,WONTON,4,10000000,100000000000,0x147283B5e9a3e03fBaDa505e015900036Dc25A64,2020-01-13 20:54:21 +0000 UTC,https://raw.githubusercontent.com/roll-assets/ethereum/main/assets/0x147283b5e9a3e03fbada505e015900036dc25a64/logo.png,confirmed,,0xdf65f4e6f2e9436bc1de1e00661c7108290e8bd3
Jonathan Joseph,JJJ,4,10000000,100000000000,0x3C35132D0b129F068Fdfa65b2c4D265Fa5d8CEa6,2020-01-15 06:02:44 +0000 UTC,https://raw.githubusercontent.com/roll-assets/ethereum/main/assets/0x3c35132d0b129f068fdfa65b2c4d265fa5d8cea6/logo.png,confirmed,,0xdf65f4e6f2e9436bc1de1e00661c7108290e8bd3
ness,NESS,4,10000000,100000000000,0x370DaE2AB60ECbc0EE793E837D94ca8040Dd6786,2020-01-17 18:21:07 +0000 UTC,https://raw.githubusercontent.com/roll-assets/ethereum/main/assets/0x370dae2ab60ecbc0ee793e837d94ca8040dd6786/logo.png,confirmed,,0xdf65f4e6f2e9436bc1de1e00661c7108290e8bd3
STANI,STANI,4,10000000,100000000000,0xCa7A0Be200c7DE43438878EB54B8b5D31296fBd8,2020-01-23 21:19:49 +0000 UTC,https://raw.githubusercontent.com/roll-assets/ethereum/main/assets/0xca7a0be200c7de43438878eb54b8b5d31296fbd8/logo.png,confirmed,,0xdf65f4e6f2e9436bc1de1e00661c7108290e8bd3
Oats,OATS,4,10000000,100000000000,0x3C8F860423405A700f9F20e94c742eC38FD17735,2020-01-24 22:00:33 +0000 UTC,https://raw.githubusercontent.com/roll-assets/ethereum/main/assets/0x3c8f860423405a700f9f20e94c742ec38fd17735/logo.png,confirmed,,0xdf65f4e6f2e9436bc1de1e00661c7108290e8bd3
BLAZE,BLAZE,4,10000000,100000000000,0xccac519603870684e74d2B762FB1e99e680ed01E,2020-01-25 22:38:27 +0000 UTC,https://raw.githubusercontent.com/roll-assets/ethereum/main/assets/0xccac519603870684e74d2b762fb1e99e680ed01e/logo.png,confirmed,,0xdf65f4e6f2e9436bc1de1e00661c7108290e8bd3
UrBen,URBEN,4,10000000,100000000000,0xD0Bf154768b0f1f8Cba50daA8960C285CE4c67f2,2020-01-26 14:42:50 +0000 UTC,https://raw.githubusercontent.com/roll-assets/ethereum/main/assets/0xd0bf154768b0f1f8cba50daa8960c285ce4c67f2/logo.png,confirmed,,0xdf65f4e6f2e9436bc1de1e00661c7108290e8bd3
Nifty,NIFTY,4,10000000,100000000000,0x1010603473C78277924A195A22115Ee9daB432a6,2020-01-30 13:41:35 +0000 UTC,https://raw.githubusercontent.com/roll-assets/ethereum/main/assets/0x1010603473c78277924a195a22115ee9dab432a6/logo.png,confirmed,,0xdf65f4e6f2e9436bc1de1e00661c7108290e8bd3
Paul Razvan Berg,PAUL,4,10000000,100000000000,0x8db6Da2120b346FAa7f206841f2FB005BBE0DFD8,2020-01-27 19:25:34 +0000 UTC,https://raw.githubusercontent.com/roll-assets/ethereum/main/assets/0x8db6da2120b346faa7f206841f2fb005bbe0dfd8/logo.png,confirmed,,0xdf65f4e6f2e9436bc1de1e00661c7108290e8bd3
HUGS,HUGS,4,10000000,100000000000,0x76B57e60b6C01361103f1053AA1F7118bD209dec,2020-01-31 21:50:43 +0000 UTC,https://raw.githubusercontent.com/roll-assets/ethereum/main/assets/0x76b57e60b6c01361103f1053aa1f7118bd209dec/logo.png,confirmed,,0xdf65f4e6f2e9436bc1de1e00661c7108290e8bd3
KEVIN,KEVIN,4,10000000,100000000000,0x8f464bfe2292748A0FED58Bb53D3838B4CE018b0,2020-01-31 22:15:02 +0000 UTC,https://raw.githubusercontent.com/roll-assets/ethereum/main/assets/0x8f464bfe2292748a0fed58bb53d3838b4ce018b0/logo.png,confirmed,,0xdf65f4e6f2e9436bc1de1e00661c7108290e8bd3
MADCAP,MADCAP,4,10000000,100000000000,0xb28f9C9B71B0C3885AE441A3c0F51027b760a991,2020-02-06 17:55:40 +0000 UTC,https://raw.githubusercontent.com/roll-assets/ethereum/main/assets/0xb28f9c9b71b0c3885ae441a3c0f51027b760a991/logo.png,confirmed,,0xdf65f4e6f2e9436bc1de1e00661c7108290e8bd3
Video,VIDEO,4,10000000,100000000000,0xa05a31924F767D23a03B0b1b2cF48654D0C87E0f,2020-02-12 21:34:33 +0000 UTC,https://raw.githubusercontent.com/roll-assets/ethereum/main/assets/0xa05a31924f767d23a03b0b1b2cf48654d0c87e0f/logo.png,confirmed,,0xdf65f4e6f2e9436bc1de1e00661c7108290e8bd3
SWAGG,SWAGG,4,10000000,100000000000,0xa19A40FbD7375431fAB013a4B08F00871B9a2791,2020-02-07 20:49:46 +0000 UTC,https://raw.githubusercontent.com/roll-assets/ethereum/main/assets/0xa19a40fbd7375431fab013a4b08f00871b9a2791/logo.png,confirmed,,0xdf65f4e6f2e9436bc1de1e00661c7108290e8bd3
DVINCI,DVINCI,4,10000000,100000000000,0x4BF93B7F68612Cc9ADef21dEA08ef74DCF0B6a6a,2020-02-09 00:32:59 +0000 UTC,https://raw.githubusercontent.com/roll-assets/ethereum/main/assets/0x4bf93b7f68612cc9adef21dea08ef74dcf0b6a6a/logo.png,confirmed,,0xdf65f4e6f2e9436bc1de1e00661c7108290e8bd3
FORK,FORK,4,10000000,100000000000,0xC6c5c2079748Db0320c47fae21EE1E93cC0D4335,2020-02-12 01:21:16 +0000 UTC,https://raw.githubusercontent.com/roll-assets/ethereum/main/assets/0xc6c5c2079748db0320c47fae21ee1e93cc0d4335/logo.png,confirmed,,0xdf65f4e6f2e9436bc1de1e00661c7108290e8bd3
FlynnJamm,JAMM,4,10000000,100000000000,0x56687cf29Ac9751Ce2a4E764680B6aD7E668942e,2020-02-14 16:42:15 +0000 UTC,https://raw.githubusercontent.com/roll-assets/ethereum/main/assets/0x56687cf29ac9751ce2a4e764680b6ad7e668942e/logo.png,confirmed,,0xdf65f4e6f2e9436bc1de1e00661c7108290e8bd3
DISDAT,DISDAT,4,10000000,100000000000,0x6c03106799fedd0060804af8f05d007b8216c5aa,2020-03-03 21:04:04 +0000 UTC,https://raw.githubusercontent.com/roll-assets/ethereum/main/assets/0x6c03106799fedd0060804af8f05d007b8216c5aa/logo.png,confirmed,,0xdf65f4e6f2e9436bc1de1e00661c7108290e8bd3
ITALIA,ITALIA,4,10000000,100000000000,0x25B63bcA43914b7d7CcD59892b762c06493a04E6,2020-03-18 00:04:59 +0000 UTC,https://raw.githubusercontent.com/roll-assets/ethereum/main/assets/0x25b63bca43914b7d7ccd59892b762c06493a04e6/logo.png,confirmed,,0xdf65f4e6f2e9436bc1de1e00661c7108290e8bd3
WENDY,WENDY,4,10000000,100000000000,0xC2D84907465204d4a60A57E7Ca955180F20eddaB,2020-02-25 16:35:49 +0000 UTC,https://raw.githubusercontent.com/roll-assets/ethereum/main/assets/0xc2d84907465204d4a60a57e7ca955180f20eddab/logo.png,confirmed,,0xdf65f4e6f2e9436bc1de1e00661c7108290e8bd3
Matter,MTTR,4,10000000,100000000000,0x2eB45d1F11329A6236A79EA35679Ab741DaA5200,2020-02-28 13:54:55 +0000 UTC,https://raw.githubusercontent.com/roll-assets/ethereum/main/assets/0x2eb45d1f11329a6236a79ea35679ab741daa5200/logo.png,confirmed,,0xdf65f4e6f2e9436bc1de1e00661c7108290e8bd3
Kode,KODE,4,10000000,100000000000,0xe9406953401344819dF0392ECdfF238C5396C2A2,2020-04-21 19:55:50 +0000 UTC,https://raw.githubusercontent.com/roll-assets/ethereum/main/assets/0xe9406953401344819df0392ecdff238c5396c2a2/logo.png,confirmed,,0xdf65f4e6f2e9436bc1de1e00661c7108290e8bd3
MJ,MJ,4,10000000,100000000000,0xf0dEAAF85E39022F065E2E1E4751D1B99eC1366F,2020-03-01 01:41:53 +0000 UTC,https://raw.githubusercontent.com/roll-assets/ethereum/main/assets/0xf0deaaf85e39022f065e2e1e4751d1b99ec1366f/logo.png,confirmed,,0xdf65f4e6f2e9436bc1de1e00661c7108290e8bd3
LovelyBonz,LVLY,4,10000000,100000000000,0xf8b8ba4bcb4f7175e35d4a74a63cf79f03d7cd26,2020-03-03 01:17:52 +0000 UTC,https://raw.githubusercontent.com/roll-assets/ethereum/main/assets/0xf8b8ba4bcb4f7175e35d4a74a63cf79f03d7cd26/logo.png,confirmed,,0xdf65f4e6f2e9436bc1de1e00661c7108290e8bd3
Rare,RARE,4,10000000,100000000000,0x81B1bFD6CB9Ad42DB395c2a27F73D4DCf5777e2D,2020-03-06 19:30:21 +0000 UTC,https://raw.githubusercontent.com/roll-assets/ethereum/main/assets/0x81b1bfd6cb9ad42db395c2a27f73d4dcf5777e2d/logo.png,confirmed,,0xdf65f4e6f2e9436bc1de1e00661c7108290e8bd3
Afterlife Labs,ALL,4,10000000,100000000000,0xBB2DCA51cBF825604E28420aBC11a5769e797210,2020-03-10 00:19:27 +0000 UTC,https://raw.githubusercontent.com/roll-assets/ethereum/main/assets/0xbb2dca51cbf825604e28420abc11a5769e797210/logo.png,confirmed,,0xdf65f4e6f2e9436bc1de1e00661c7108290e8bd3
Pascal,PSCL,4,10000000,100000000000,0x76Ede2C928D30c59F6155Ff8F40BfCfAeE8242c3,2020-03-14 18:13:20 +0000 UTC,https://raw.githubusercontent.com/roll-assets/ethereum/main/assets/0x76ede2c928d30c59f6155ff8f40bfcfaee8242c3/logo.png,confirmed,,0xdf65f4e6f2e9436bc1de1e00661c7108290e8bd3
Gemx,GMX,4,10000000,100000000000,0xA67C912303b5227D6D4Dc7d16088342718a05bdf,2020-03-18 18:37:35 +0000 UTC,https://raw.githubusercontent.com/roll-assets/ethereum/main/assets/0xa67c912303b5227d6d4dc7d16088342718a05bdf/logo.png,confirmed,,0xdf65f4e6f2e9436bc1de1e00661c7108290e8bd3
LUV,LUV,4,10000000,100000000000,0xE3E9204Afd78822A0E22151733E65a901Bf77b77,2020-08-22 04:03:15 +0000 UTC,https://raw.githubusercontent.com/roll-assets/ethereum/main/assets/0xe3e9204afd78822a0e22151733e65a901bf77b77/logo.png,confirmed,,0xdf65f4e6f2e9436bc1de1e00661c7108290e8bd3
Jules,JULES,4,10000000,100000000000,0xd32540c0d54A7fCDD9500bfa57D3Ba1e604581D7,2020-03-25 15:57:51 +0000 UTC,https://raw.githubusercontent.com/roll-assets/ethereum/main/assets/0xd32540c0d54a7fcdd9500bfa57d3ba1e604581d7/logo.png,confirmed,,0xdf65f4e6f2e9436bc1de1e00661c7108290e8bd3
KAMES,KCG,4,10000000,100000000000,0xaAfF91De25744B0f4360c52590aE9226b54D2acB,2020-03-23 19:57:04 +0000 UTC,https://raw.githubusercontent.com/roll-assets/ethereum/main/assets/0xaaff91de25744b0f4360c52590ae9226b54d2acb/logo.png,confirmed,,0xdf65f4e6f2e9436bc1de1e00661c7108290e8bd3
Aesthetic,AEST,4,10000000,100000000000,0x6A2442f55Af853F00a25637F7E09ce91fA8Cf75c,2020-04-06 16:57:12 +0000 UTC,https://raw.githubusercontent.com/roll-assets/ethereum/main/assets/0x6a2442f55af853f00a25637f7e09ce91fa8cf75c/logo.png,confirmed,,0xdf65f4e6f2e9436bc1de1e00661c7108290e8bd3
Hack,HACK,4,10000000,100000000000,0xB662CA3C91cb0811845f404bE7EE6dfc8E0B72e5,2020-04-02 21:24:23 +0000 UTC,https://raw.githubusercontent.com/roll-assets/ethereum/main/assets/0xb662ca3c91cb0811845f404be7ee6dfc8e0b72e5/logo.png,confirmed,,0xdf65f4e6f2e9436bc1de1e00661c7108290e8bd3
Charge,CHARGE,4,10000000,100000000000,0x17491ae8B359E73ca06F0ABb52223daA878140a9,2020-04-06 00:17:07 +0000 UTC,https://raw.githubusercontent.com/roll-assets/ethereum/main/assets/0x17491ae8b359e73ca06f0abb52223daa878140a9/logo.png,confirmed,,0xdf65f4e6f2e9436bc1de1e00661c7108290e8bd3
Feathers,FTHR,4,10000000,100000000000,0x7C918dF91f8F4e8D707a7A4013b8e7247C0293B1,2020-04-06 00:28:06 +0000 UTC,https://raw.githubusercontent.com/roll-assets/ethereum/main/assets/0x7c918df91f8f4e8d707a7a4013b8e7247c0293b1/logo.png,confirmed,,0xdf65f4e6f2e9436bc1de1e00661c7108290e8bd3
JEFF,JEFF,4,10000000,100000000000,0x780b869c7A3cBfC68a8743D49aE4D2B43ef640D8,2020-04-07 15:14:54 +0000 UTC,https://raw.githubusercontent.com/roll-assets/ethereum/main/assets/0x780b869c7a3cbfc68a8743d49ae4d2b43ef640d8/logo.png,confirmed,,0xdf65f4e6f2e9436bc1de1e00661c7108290e8bd3
Budget,BUDGET,4,10000000,100000000000,0x1aa95F4ca4A9Bc258Ba848db4355aEEA6413e815,2020-04-08 02:25:48 +0000 UTC,https://raw.githubusercontent.com/roll-assets/ethereum/main/assets/0x1aa95f4ca4a9bc258ba848db4355aeea6413e815/logo.png,confirmed,,0xdf65f4e6f2e9436bc1de1e00661c7108290e8bd3
Zemp,ZEMP,4,10000000,100000000000,0x4acF024919217c33E2FF5A24AD780b1709eB3361,2020-04-06 14:54:33 +0000 UTC,https://raw.githubusercontent.com/roll-assets/ethereum/main/assets/0x4acf024919217c33e2ff5a24ad780b1709eb3361/logo.png,confirmed,,0xdf65f4e6f2e9436bc1de1e00661c7108290e8bd3
MYTBX,MYTBX,4,10000000,100000000000,0x3A3A1B3A584C7bC41B561d958e092ae291bD7F93,2020-04-07 15:35:37 +0000 UTC,https://raw.githubusercontent.com/roll-assets/ethereum/main/assets/0x3a3a1b3a584c7bc41b561d958e092ae291bd7f93/logo.png,confirmed,,0xdf65f4e6f2e9436bc1de1e00661c7108290e8bd3
Kipple,KIPPLE,4,10000000,100000000000,0xCbE7Fd2dD15f54Bc4Cee790c5c14240e7DDEA644,2020-04-18 00:24:52 +0000 UTC,https://raw.githubusercontent.com/roll-assets/ethereum/main/assets/0xcbe7fd2dd15f54bc4cee790c5c14240e7ddea644/logo.png,confirmed,,0xdf65f4e6f2e9436bc1de1e00661c7108290e8bd3
Guey,GUEY,4,10000000,100000000000,0x96fE9AA1130f60607C4fb7905B2C79F61261009F,2020-04-07 16:36:44 +0000 UTC,https://raw.githubusercontent.com/roll-assets/ethereum/main/assets/0x96fe9aa1130f60607c4fb7905b2c79f61261009f/logo.png,confirmed,,0xdf65f4e6f2e9436bc1de1e00661c7108290e8bd3
Symx,SYMX,4,10000000,100000000000,0x10c5B9230DE0c6516548b19c324AE831A6C46789,2020-04-24 00:49:49 +0000 UTC,https://raw.githubusercontent.com/roll-assets/ethereum/main/assets/0x10c5b9230de0c6516548b19c324ae831a6c46789/logo.png,confirmed,,0xdf65f4e6f2e9436bc1de1e00661c7108290e8bd3
RFK,RFK,4,10000000,100000000000,0x7C4808404AF29a5191c7f973b881cc615cA15833,2020-04-06 22:18:51 +0000 UTC,https://raw.githubusercontent.com/roll-assets/ethereum/main/assets/0x7c4808404af29a5191c7f973b881cc615ca15833/logo.png,confirmed,,0xdf65f4e6f2e9436bc1de1e00661c7108290e8bd3
DN,DN,4,10000000,100000000000,0x30A29114490De08612Ce8314AB64C422Ad591F9c,2020-04-07 16:13:20 +0000 UTC,https://raw.githubusercontent.com/roll-assets/ethereum/main/assets/0x30a29114490de08612ce8314ab64c422ad591f9c/logo.png,confirmed,,0xdf65f4e6f2e9436bc1de1e00661c7108290e8bd3
Piandex,PIANDX,4,10000000,100000000000,0x75FE5F25A39ac56083af564cFfA8F00c1b89011C,2020-04-12 19:03:46 +0000 UTC,https://raw.githubusercontent.com/roll-assets/ethereum/main/assets/0x75fe5f25a39ac56083af564cffa8f00c1b89011c/logo.png,confirmed,,0xdf65f4e6f2e9436bc1de1e00661c7108290e8bd3
BEN,BEN,4,10000000,100000000000,0x4f5E3A967cc5716B2CC296f52548141544Ec4Ea2,2020-04-08 21:27:16 +0000 UTC,https://raw.githubusercontent.com/roll-assets/ethereum/main/assets/0x4f5e3a967cc5716b2cc296f52548141544ec4ea2/logo.png,confirmed,,0xdf65f4e6f2e9436bc1de1e00661c7108290e8bd3
BitByBit,BBB,4,10000000,100000000000,0x85C5E28c1f4612FacE2Fb41bb1886824Cd5dCd02,2020-04-10 01:20:52 +0000 UTC,https://raw.githubusercontent.com/roll-assets/ethereum/main/assets/0x85c5e28c1f4612face2fb41bb1886824cd5dcd02/logo.png,confirmed,,0xdf65f4e6f2e9436bc1de1e00661c7108290e8bd3
Xiaodao,XDAO,4,10000000,100000000000,0x42CB4AB485Fc91cdf6D07e224e5b55E44f0378a7,2020-04-10 16:12:18 +0000 UTC,https://raw.githubusercontent.com/roll-assets/ethereum/main/assets/0x42cb4ab485fc91cdf6d07e224e5b55e44f0378a7/logo.png,confirmed,,0xdf65f4e6f2e9436bc1de1e00661c7108290e8bd3
KAMI,KAMI,4,10000000,100000000000,0x039c642289e45EB7eE1B88123f4fC3aa94D34359,2020-04-11 00:40:52 +0000 UTC,https://raw.githubusercontent.com/roll-assets/ethereum/main/assets/0x039c642289e45eb7ee1b88123f4fc3aa94d34359/logo.png,confirmed,,0xdf65f4e6f2e9436bc1de1e00661c7108290e8bd3
Marc,MARC,4,10000000,100000000000,0x6b97CD4FD6A6Bc798a08d58BCf73932863537a90,2020-04-10 16:55:54 +0000 UTC,https://raw.githubusercontent.com/roll-assets/ethereum/main/assets/0x6b97cd4fd6a6bc798a08d58bcf73932863537a90/logo.png,confirmed,,0xdf65f4e6f2e9436bc1de1e00661c7108290e8bd3
SAL,SAL,4,10000000,100000000000,0xc687Cbe21Da4374597ac5a020D79A7c39536512C,2020-04-11 01:03:35 +0000 UTC,https://raw.githubusercontent.com/roll-assets/ethereum/main/assets/0xc687cbe21da4374597ac5a020d79a7c39536512c/logo.png,confirmed,,0xdf65f4e6f2e9436bc1de1e00661c7108290e8bd3
JAY,JAY,4,10000000,100000000000,0xf354a75DB1641D7658628771055199C41e7b4bAd,2020-04-15 20:49:32 +0000 UTC,https://raw.githubusercontent.com/roll-assets/ethereum/main/assets/0xf354a75db1641d7658628771055199c41e7b4bad/logo.png,confirmed,,0xdf65f4e6f2e9436bc1de1e00661c7108290e8bd3
Nenad,ND,4,10000000,100000000000,0xDd72b45AE5D8879D1dCE0B83fAD1E77390e3aD23,2020-04-15 21:28:46 +0000 UTC,https://raw.githubusercontent.com/roll-assets/ethereum/main/assets/0xdd72b45ae5d8879d1dce0b83fad1e77390e3ad23/logo.png,confirmed,,0xdf65f4e6f2e9436bc1de1e00661c7108290e8bd3
Pixel,PIXEL,4,10000000,100000000000,0x1e906717De2E4A4600F13b6909736b0346bDde3E,2020-04-16 20:03:20 +0000 UTC,https://raw.githubusercontent.com/roll-assets/ethereum/main/assets/0x1e906717de2e4a4600f13b6909736b0346bdde3e/logo.png,confirmed,,0xdf65f4e6f2e9436bc1de1e00661c7108290e8bd3
PXart,PXART,4,10000000,100000000000,0xE9cDA0749f2393254773Fd75A1Ca1639D9B25A17,2020-04-15 22:11:55 +0000 UTC,https://raw.githubusercontent.com/roll-assets/ethereum/main/assets/0xe9cda0749f2393254773fd75a1ca1639d9b25a17/logo.png,confirmed,,0xdf65f4e6f2e9436bc1de1e00661c7108290e8bd3
ThrillerX,TLX,4,10000000,100000000000,0x43E248b058438F05e78CEb66aFC1555a97CB280F,2020-04-16 19:33:18 +0000 UTC,https://raw.githubusercontent.com/roll-assets/ethereum/main/assets/0x43e248b058438f05e78ceb66afc1555a97cb280f/logo.png,confirmed,,0xdf65f4e6f2e9436bc1de1e00661c7108290e8bd3
Stones,STONES,4,10000000,100000000000,0xB22950854A0A443aD97CaC440aA91E28b511d53A,2020-04-18 00:08:01 +0000 UTC,https://raw.githubusercontent.com/roll-assets/ethereum/main/assets/0xb22950854a0a443ad97cac440aa91e28b511d53a/logo.png,confirmed,,0xdf65f4e6f2e9436bc1de1e00661c7108290e8bd3
Bones,BONES,4,10000000,100000000000,0x3A75731f9e16244dE01DD431636Db7c07D42A166,2020-04-16 19:18:07 +0000 UTC,https://raw.githubusercontent.com/roll-assets/ethereum/main/assets/0x3a75731f9e16244de01dd431636db7c07d42a166/logo.png,confirmed,,0xdf65f4e6f2e9436bc1de1e00661c7108290e8bd3
CaoYin,YIN,4,10000000,100000000000,0x8A4eE36B7AC021Ea1Ac780858da54B0711Ae0D13,2020-04-21 23:29:52 +0000 UTC,https://raw.githubusercontent.com/roll-assets/ethereum/main/assets/0x8a4ee36b7ac021ea1ac780858da54b0711ae0d13/logo.png,confirmed,,0xdf65f4e6f2e9436bc1de1e00661c7108290e8bd3
EASY,EASY,4,10000000,100000000000,0x72b984078E270CfDdcb9E04643A18605507d1d77,2020-04-29 02:34:44 +0000 UTC,https://raw.githubusercontent.com/roll-assets/ethereum/main/assets/0x72b984078e270cfddcb9e04643a18605507d1d77/logo.png,confirmed,,0xdf65f4e6f2e9436bc1de1e00661c7108290e8bd3
Cyber Wave,CYWA,4,10000000,100000000000,0xB8Ac3B41A14B42c1a3643fd6E45BCF35B3611E49,2020-04-22 00:40:54 +0000 UTC,https://raw.githubusercontent.com/roll-assets/ethereum/main/assets/0xb8ac3b41a14b42c1a3643fd6e45bcf35b3611e49/logo.png,confirmed,,0xdf65f4e6f2e9436bc1de1e00661c7108290e8bd3
Flips,FLIPS,4,10000000,100000000000,0x592F30fece0C299892656B4BcDb0dE076622EBE8,2020-05-11 01:12:23 +0000 UTC,https://raw.githubusercontent.com/roll-assets/ethereum/main/assets/0x592f30fece0c299892656b4bcdb0de076622ebe8/logo.png,confirmed,,0xdf65f4e6f2e9436bc1de1e00661c7108290e8bd3
RareCandy,RCDY,4,10000000,100000000000,0x258B3D55941BC8BCE4a80e7AE7CF685D245A24dc,2020-04-23 01:19:54 +0000 UTC,https://raw.githubusercontent.com/roll-assets/ethereum/main/assets/0x258b3d55941bc8bce4a80e7ae7cf685d245a24dc/logo.png,confirmed,,0xdf65f4e6f2e9436bc1de1e00661c7108290e8bd3
Warc,WARC,4,10000000,100000000000,0xa0b8B9C740237dc3ae15117C0685F78Dc863fb86,2020-06-14 13:30:14 +0000 UTC,https://raw.githubusercontent.com/roll-assets/ethereum/main/assets/0xa0b8b9c740237dc3ae15117c0685f78dc863fb86/logo.png,confirmed,,0xdf65f4e6f2e9436bc1de1e00661c7108290e8bd3
GLO,GLO,4,10000000,100000000000,0x88e08822aAcB3094F5c04F41C4BAD583D343319c,2020-04-23 20:08:51 +0000 UTC,https://raw.githubusercontent.com/roll-assets/ethereum/main/assets/0x88e08822aacb3094f5c04f41c4bad583d343319c/logo.png,confirmed,,0xdf65f4e6f2e9436bc1de1e00661c7108290e8bd3
Nomics.com,NOM,4,10000000,100000000000,0x9a05f21d2F89837Ebd94E92084fd0Edb407f67C4,2020-04-28 19:37:49 +0000 UTC,https://raw.githubusercontent.com/roll-assets/ethereum/main/assets/0x9a05f21d2f89837ebd94e92084fd0edb407f67c4/logo.png,confirmed,,0xdf65f4e6f2e9436bc1de1e00661c7108290e8bd3
EGGS,EGGS,4,10000000,100000000000,0x6C5A643F582408a640068Ed68443D9185Fb2b0B8,2020-05-02 23:30:34 +0000 UTC,https://raw.githubusercontent.com/roll-assets/ethereum/main/assets/0x6c5a643f582408a640068ed68443d9185fb2b0b8/logo.png,confirmed,,0xdf65f4e6f2e9436bc1de1e00661c7108290e8bd3
MAZO,MAZO,4,10000000,100000000000,0xA12D6e782e67fC4aF136098324ab2658b2734BD0,2020-04-27 21:34:57 +0000 UTC,https://raw.githubusercontent.com/roll-assets/ethereum/main/assets/0xa12d6e782e67fc4af136098324ab2658b2734bd0/logo.png,confirmed,,0xdf65f4e6f2e9436bc1de1e00661c7108290e8bd3
SUGAR,SUGAR,4,10000000,100000000000,0x408e405B741C7670c91438902FBD0F15F57c53d1,2020-04-27 22:34:31 +0000 UTC,https://raw.githubusercontent.com/roll-assets/ethereum/main/assets/0x408e405b741c7670c91438902fbd0f15f57c53d1/logo.png,confirmed,,0xdf65f4e6f2e9436bc1de1e00661c7108290e8bd3
KERMAN,KERMAN,4,10000000,100000000000,0x7841B2A48D1F6e78ACeC359FEd6D874Eb8a0f63c,2020-04-28 03:54:31 +0000 UTC,https://raw.githubusercontent.com/roll-assets/ethereum/main/assets/0x7841b2a48d1f6e78acec359fed6d874eb8a0f63c/logo.png,confirmed,,0xdf65f4e6f2e9436bc1de1e00661c7108290e8bd3
Je-Meng's Attention,JATTN,4,10000000,100000000000,0x3C7593475e2a2f5d3832f039d18c5E399b0cA1F1,2020-05-01 06:46:24 +0000 UTC,https://raw.githubusercontent.com/roll-assets/ethereum/main/assets/0x3c7593475e2a2f5d3832f039d18c5e399b0ca1f1/logo.png,confirmed,,0xdf65f4e6f2e9436bc1de1e00661c7108290e8bd3
WHALE,WHALE,4,10000000,100000000000,0x9355372396e3F6daF13359B7b607a3374cc638e0,2020-05-02 14:08:38 +0000 UTC,https://raw.githubusercontent.com/roll-assets/ethereum/main/assets/0x9355372396e3f6daf13359b7b607a3374cc638e0/logo.png,confirmed,,0xdf65f4e6f2e9436bc1de1e00661c7108290e8bd3
Sushen's Attention Token,SUSH,4,10000000,100000000000,0xC2579552eCb8e7c001564cE0e8E0DB77a0587E0e,2020-05-03 03:58:36 +0000 UTC,https://raw.githubusercontent.com/roll-assets/ethereum/main/assets/0xc2579552ecb8e7c001564ce0e8e0db77a0587e0e/logo.png,confirmed,,0xdf65f4e6f2e9436bc1de1e00661c7108290e8bd3
Vitruvius20,VIUVIU,4,10000000,100000000000,0x65bC73de0c77B0b8D1d170491C24Ebf51062DD9F,2020-05-17 01:51:37 +0000 UTC,https://raw.githubusercontent.com/roll-assets/ethereum/main/assets/0x65bc73de0c77b0b8d1d170491c24ebf51062dd9f/logo.png,confirmed,,0xdf65f4e6f2e9436bc1de1e00661c7108290e8bd3
VESA,VESA,4,10000000,100000000000,0x35840c161E1F677AEfb6cFF534fd8C5C93Af4824,2020-05-10 18:43:17 +0000 UTC,https://raw.githubusercontent.com/roll-assets/ethereum/main/assets/0x35840c161e1f677aefb6cff534fd8c5c93af4824/logo.png,confirmed,,0xdf65f4e6f2e9436bc1de1e00661c7108290e8bd3
WAM,WAM,4,10000000,100000000000,0x8d9AB766cC475AA16AEF6529Fe5D4cd2c7ccFc98,2020-05-11 14:48:08 +0000 UTC,https://raw.githubusercontent.com/roll-assets/ethereum/main/assets/0x8d9ab766cc475aa16aef6529fe5d4cd2c7ccfc98/logo.png,confirmed,,0xdf65f4e6f2e9436bc1de1e00661c7108290e8bd3
CHOCH,CHCH,4,10000000,100000000000,0x9656d60bfcD8199E83621E0Ff24CD37f19AB9F57,2020-05-15 19:32:59 +0000 UTC,https://raw.githubusercontent.com/roll-assets/ethereum/main/assets/0x9656d60bfcd8199e83621e0ff24cd37f19ab9f57/logo.png,confirmed,,0xdf65f4e6f2e9436bc1de1e00661c7108290e8bd3
Aziz,AZIZ,4,10000000,100000000000,0x0F391Fdd1956f322a87231f580dF961E7b7FbA8a,2020-08-22 03:47:00 +0000 UTC,https://raw.githubusercontent.com/roll-assets/ethereum/main/assets/0x0f391fdd1956f322a87231f580df961e7b7fba8a/logo.png,confirmed,,0xdf65f4e6f2e9436bc1de1e00661c7108290e8bd3
Carlos,CARLOS,4,10000000,100000000000,0x4238098E9372E7b5DE2d6aF2F2Ed9EE34e183edE,2020-05-15 22:31:29 +0000 UTC,https://raw.githubusercontent.com/roll-assets/ethereum/main/assets/0x4238098e9372e7b5de2d6af2f2ed9ee34e183ede/logo.png,confirmed,,0xdf65f4e6f2e9436bc1de1e00661c7108290e8bd3
KAV,KAV,4,10000000,100000000000,0x334639A18B5Add14E8D98CB8B05ba0250308cBa4,2020-05-16 03:20:19 +0000 UTC,https://raw.githubusercontent.com/roll-assets/ethereum/main/assets/0x334639a18b5add14e8d98cb8b05ba0250308cba4/logo.png,confirmed,,0xdf65f4e6f2e9436bc1de1e00661c7108290e8bd3
Caster,CASTER,4,10000000,100000000000,0xFCBb79d8C10a906E603c27347BC47121dBA0dA90,2020-05-16 02:50:15 +0000 UTC,https://raw.githubusercontent.com/roll-assets/ethereum/main/assets/0xfcbb79d8c10a906e603c27347bc47121dba0da90/logo.png,confirmed,,0xdf65f4e6f2e9436bc1de1e00661c7108290e8bd3
DarkBlueChain,DBCH,4,10000000,100000000000,0xdD349046eE302f843dEAbc61e3618Ab48eC19F5F,2020-05-17 01:06:43 +0000 UTC,https://raw.githubusercontent.com/roll-assets/ethereum/main/assets/0xdd349046ee302f843deabc61e3618ab48ec19f5f/logo.png,confirmed,,0xdf65f4e6f2e9436bc1de1e00661c7108290e8bd3
PAHUEG,PAHUEG,4,10000000,100000000000,0xe47EE8d2A389EE924C5d0fE88296D6FAd55DA573,2020-05-17 02:07:35 +0000 UTC,https://raw.githubusercontent.com/roll-assets/ethereum/main/assets/0xe47ee8d2a389ee924c5d0fe88296d6fad55da573/logo.png,confirmed,,0xdf65f4e6f2e9436bc1de1e00661c7108290e8bd3
CloudClout,CLOUDT,4,10000000,100000000000,0x9621bad6E7E2b9758349DdCb308df7F63Fd46668,2020-05-20 06:51:50 +0000 UTC,https://raw.githubusercontent.com/roll-assets/ethereum/main/assets/0x9621bad6e7e2b9758349ddcb308df7f63fd46668/logo.png,confirmed,,0xdf65f4e6f2e9436bc1de1e00661c7108290e8bd3
AMRITA,AMRITA,4,10000000,100000000000,0x3E2E36a24CFCdCEa167789181f29109F9cF2D000,2020-05-22 02:27:05 +0000 UTC,https://raw.githubusercontent.com/roll-assets/ethereum/main/assets/0x3e2e36a24cfcdcea167789181f29109f9cf2d000/logo.png,confirmed,,0xdf65f4e6f2e9436bc1de1e00661c7108290e8bd3
CryptoArtCoin,CRAC,4,10000000,100000000000,0x4277DF6De4Cb2e25a2080DCf64aE533c9Aca8196,2020-05-22 04:18:26 +0000 UTC,https://raw.githubusercontent.com/roll-assets/ethereum/main/assets/0x4277df6de4cb2e25a2080dcf64ae533c9aca8196/logo.png,confirmed,,0xdf65f4e6f2e9436bc1de1e00661c7108290e8bd3
OON,OON,4,10000000,100000000000,0xCA760655D162EE134E34A316aE8AD9a54a69B60f,2020-05-27 02:38:58 +0000 UTC,https://raw.githubusercontent.com/roll-assets/ethereum/main/assets/0xca760655d162ee134e34a316ae8ad9a54a69b60f/logo.png,confirmed,,0xdf65f4e6f2e9436bc1de1e00661c7108290e8bd3
Ecnar Token,ECNAR,4,10000000,100000000000,0xB58A2ebBB0Abe5797c78D69DBc419e98eB7A3b52,2020-05-27 04:24:38 +0000 UTC,https://raw.githubusercontent.com/roll-assets/ethereum/main/assets/0xb58a2ebbb0abe5797c78d69dbc419e98eb7a3b52/logo.png,confirmed,,0xdf65f4e6f2e9436bc1de1e00661c7108290e8bd3
MIN,MIN,4,10000000,100000000000,0x5D0773b82644c28C96813DCF2D58B2b83D785b6d,2020-05-26 15:26:39 +0000 UTC,https://raw.githubusercontent.com/roll-assets/ethereum/main/assets/0x5d0773b82644c28c96813dcf2d58b2b83d785b6d/logo.png,confirmed,,0xdf65f4e6f2e9436bc1de1e00661c7108290e8bd3
HOLLA,HOLLA,4,10000000,100000000000,0x0f961c328a96c23216B97b58947c2e8a741DE912,2020-05-27 03:35:21 +0000 UTC,https://raw.githubusercontent.com/roll-assets/ethereum/main/assets/0x0f961c328a96c23216b97b58947c2e8a741de912/logo.png,confirmed,,0xdf65f4e6f2e9436bc1de1e00661c7108290e8bd3
Rudem00se,MOOSE,4,10000000,100000000000,0x8ee38cd3d0Ce2620d94Ad7DF54ac5B85d7d28935,2020-05-28 03:53:52 +0000 UTC,https://raw.githubusercontent.com/roll-assets/ethereum/main/assets/0x8ee38cd3d0ce2620d94ad7df54ac5b85d7d28935/logo.png,confirmed,,0xdf65f4e6f2e9436bc1de1e00661c7108290e8bd3
Hunter,HUNTER,4,10000000,100000000000,0xa8511Af2F945B0a939a9772f403F41ec637bFfcd,2020-06-06 19:27:05 +0000 UTC,https://raw.githubusercontent.com/roll-assets/ethereum/main/assets/0xa8511af2f945b0a939a9772f403f41ec637bffcd/logo.png,confirmed,,0xdf65f4e6f2e9436bc1de1e00661c7108290e8bd3
Golden Age,GOLDEN,4,10000000,100000000000,0x37266508Ae0102c2Ea05865C94c6d19a3B0af05a,2020-06-07 04:49:11 +0000 UTC,https://raw.githubusercontent.com/roll-assets/ethereum/main/assets/0x37266508ae0102c2ea05865c94c6d19a3b0af05a/logo.png,confirmed,,0xdf65f4e6f2e9436bc1de1e00661c7108290e8bd3
RelayNode,RELAY,4,10000000,100000000000,0x19060094373C32E7f7d95eb4d1231f0779C91c23,2020-06-11 18:50:29 +0000 UTC,https://raw.githubusercontent.com/roll-assets/ethereum/main/assets/0x19060094373c32e7f7d95eb4d1231f0779c91c23/logo.png,confirmed,,0xdf65f4e6f2e9436bc1de1e00661c7108290e8bd3
WARP,WARP,4,10000000,100000000000,0xc14338C0eaa4bf7E4473C9DD7226001C8ae3B454,2020-06-16 06:37:54 +0000 UTC,https://raw.githubusercontent.com/roll-assets/ethereum/main/assets/0xc14338c0eaa4bf7e4473c9dd7226001c8ae3b454/logo.png,confirmed,,0xdf65f4e6f2e9436bc1de1e00661c7108290e8bd3
AVC,AVC,4,10000000,100000000000,0x491614641F2e9456AB8d4B41a83534B71C4c4f85,2020-06-13 20:26:54 +0000 UTC,https://raw.githubusercontent.com/roll-assets/ethereum/main/assets/0x491614641f2e9456ab8d4b41a83534b71c4c4f85/logo.png,confirmed,,0xdf65f4e6f2e9436bc1de1e00661c7108290e8bd3
Motion,MOTION,4,10000000,100000000000,0x8634F0689a502B3659f2b3c9E5650d365067B48A,2020-08-23 02:10:47 +0000 UTC,https://raw.githubusercontent.com/roll-assets/ethereum/main/assets/0x8634f0689a502b3659f2b3c9e5650d365067b48a/logo.png,confirmed,,0xdf65f4e6f2e9436bc1de1e00661c7108290e8bd3
Scripts,SCRIPT,4,10000000,100000000000,0x0006634f2FDB9A12b179D05A2b5165B3210bade8,2020-06-20 20:04:14 +0000 UTC,https://raw.githubusercontent.com/roll-assets/ethereum/main/assets/0x0006634f2fdb9a12b179d05a2b5165b3210bade8/logo.png,confirmed,,0xdf65f4e6f2e9436bc1de1e00661c7108290e8bd3
JOON,JOON,4,10000000,100000000000,0x174897edD3ce414084A009d22db31C7b7826400d,2020-06-12 21:17:01 +0000 UTC,https://raw.githubusercontent.com/roll-assets/ethereum/main/assets/0x174897edd3ce414084a009d22db31c7b7826400d/logo.png,confirmed,,0xdf65f4e6f2e9436bc1de1e00661c7108290e8bd3
Camel,CAMEL,4,10000000,100000000000,0x7732aBAe70c3b9319e27fa2cEaE509F538D8e94F,2020-06-20 18:35:49 +0000 UTC,https://raw.githubusercontent.com/roll-assets/ethereum/main/assets/0x7732abae70c3b9319e27fa2ceae509f538d8e94f/logo.png,confirmed,,0xdf65f4e6f2e9436bc1de1e00661c7108290e8bd3
Piara,PIARA,4,10000000,100000000000,0xBBF4bdeBECe7fFEc5d93225d4866CE50Ca651F6B,2020-08-23 02:00:16 +0000 UTC,https://raw.githubusercontent.com/roll-assets/ethereum/main/assets/0xbbf4bdebece7ffec5d93225d4866ce50ca651f6b/logo.png,confirmed,,0xdf65f4e6f2e9436bc1de1e00661c7108290e8bd3
Myph,MYPH,4,10000000,100000000000,0x73D65156b358B26B9626E98A7eC17dd386E6187D,2020-06-20 18:53:33 +0000 UTC,https://raw.githubusercontent.com/roll-assets/ethereum/main/assets/0x73d65156b358b26b9626e98a7ec17dd386e6187d/logo.png,confirmed,,0xdf65f4e6f2e9436bc1de1e00661c7108290e8bd3
Roganzola,ROGUE,4,10000000,100000000000,0xAA34bF1fD22a8537eCF3dec57C8a63B1E7385e82,2020-06-16 05:33:47 +0000 UTC,https://raw.githubusercontent.com/roll-assets/ethereum/main/assets/0xaa34bf1fd22a8537ecf3dec57c8a63b1e7385e82/logo.png,confirmed,,0xdf65f4e6f2e9436bc1de1e00661c7108290e8bd3
Pentacles,PNTCL,4,10000000,100000000000,0x7deD07692e27B7b15Cb665666c7Fcd06417F9110,2020-06-20 03:42:53 +0000 UTC,https://raw.githubusercontent.com/roll-assets/ethereum/main/assets/0x7ded07692e27b7b15cb665666c7fcd06417f9110/logo.png,confirmed,,0xdf65f4e6f2e9436bc1de1e00661c7108290e8bd3
Duma,DUMA,4,10000000,100000000000,0x9f4AfFB8652D3AAC1F36431191a8bF0B48dab332,2020-07-09 19:22:07 +0000 UTC,https://raw.githubusercontent.com/roll-assets/ethereum/main/assets/0x9f4affb8652d3aac1f36431191a8bf0b48dab332/logo.png,confirmed,,0xdf65f4e6f2e9436bc1de1e00661c7108290e8bd3
PAPER,PAPER,4,10000000,100000000000,0xa4A92262C8DFb70f35599996c64169EFf6E309ca,2020-06-14 12:30:53 +0000 UTC,https://raw.githubusercontent.com/roll-assets/ethereum/main/assets/0xa4a92262c8dfb70f35599996c64169eff6e309ca/logo.png,confirmed,,0xdf65f4e6f2e9436bc1de1e00661c7108290e8bd3
BLANK,BLANK,4,10000000,100000000000,0xc59fB1211F8226fD716180fCfA29D0A2FeE00FeD,2020-06-20 19:11:56 +0000 UTC,https://raw.githubusercontent.com/roll-assets/ethereum/main/assets/0xc59fb1211f8226fd716180fcfa29d0a2fee00fed/logo.png,confirmed,,0xdf65f4e6f2e9436bc1de1e00661c7108290e8bd3
ALOK,ALOK,4,10000000,100000000000,0xBda7807bDa12CfD225f978502F9b470beb25E212,2020-06-15 16:40:55 +0000 UTC,https://raw.githubusercontent.com/roll-assets/ethereum/main/assets/0xbda7807bda12cfd225f978502f9b470beb25e212/logo.png,confirmed,,0xdf65f4e6f2e9436bc1de1e00661c7108290e8bd3
Daniell Mesquita,DANI,4,10000000,100000000000,0xFdB655EDff5c7e733074a739B2b713B5CF567a8A,2020-06-20 20:54:57 +0000 UTC,https://raw.githubusercontent.com/roll-assets/ethereum/main/assets/0xfdb655edff5c7e733074a739b2b713b5cf567a8a/logo.png,confirmed,,0xdf65f4e6f2e9436bc1de1e00661c7108290e8bd3
Amadeo,DEO,4,10000000,100000000000,0xE9D73F3DdA4365e01a372a4a29E9aF0c3354e40C,2020-08-22 03:37:30 +0000 UTC,https://raw.githubusercontent.com/roll-assets/ethereum/main/assets/0xe9d73f3dda4365e01a372a4a29e9af0c3354e40c/logo.png,confirmed,,0xdf65f4e6f2e9436bc1de1e00661c7108290e8bd3
SLOTH,SLOTH,4,10000000,100000000000,0x755146E16214446DcB17b68Df0CFcCa4763eb77A,2020-07-10 19:19:02 +0000 UTC,https://raw.githubusercontent.com/roll-assets/ethereum/main/assets/0x755146e16214446dcb17b68df0cfcca4763eb77a/logo.png,confirmed,,0xdf65f4e6f2e9436bc1de1e00661c7108290e8bd3
Petra,PTR,4,10000000,100000000000,0x574725c3f528096e7b27Ae7e5FC47b35eF515260,2020-07-08 21:26:02 +0000 UTC,https://raw.githubusercontent.com/roll-assets/ethereum/main/assets/0x574725c3f528096e7b27ae7e5fc47b35ef515260/logo.png,confirmed,,0xdf65f4e6f2e9436bc1de1e00661c7108290e8bd3
BAEPAY,BAEPAY,4,10000000,100000000000,0x6BFfa07a1B0ceBC474cE6833eAf2bE6326252449,2020-07-08 21:13:13 +0000 UTC,https://raw.githubusercontent.com/roll-assets/ethereum/main/assets/0x6bffa07a1b0cebc474ce6833eaf2be6326252449/logo.png,confirmed,,0xdf65f4e6f2e9436bc1de1e00661c7108290e8bd3
Harrison First,FIRST,4,10000000,100000000000,0x9903A4Cd589DA8e434f264deAFc406836418578E,2020-06-26 17:05:51 +0000 UTC,https://raw.githubusercontent.com/roll-assets/ethereum/main/assets/0x9903a4cd589da8e434f264deafc406836418578e/logo.png,confirmed,,0xdf65f4e6f2e9436bc1de1e00661c7108290e8bd3
AARON,AARON,4,10000000,100000000000,0xd6f4815213D6212Bd2B0ec80F2df084e5B9dbDAb,2020-06-26 05:37:04 +0000 UTC,https://raw.githubusercontent.com/roll-assets/ethereum/main/assets/0xd6f4815213d6212bd2b0ec80f2df084e5b9dbdab/logo.png,confirmed,,0xdf65f4e6f2e9436bc1de1e00661c7108290e8bd3
OverPower Esports,OPG,4,10000000,100000000000,0x1eA1aaA7508cE9bB697478E16BEc57C438EB015c,2020-06-26 06:12:20 +0000 UTC,https://raw.githubusercontent.com/roll-assets/ethereum/main/assets/0x1ea1aaa7508ce9bb697478e16bec57c438eb015c/logo.png,confirmed,,0xdf65f4e6f2e9436bc1de1e00661c7108290e8bd3
JSW,JSW,4,10000000,100000000000,0x87cc79C77a760464d18990b485C914bFD6806F1C,2020-07-03 19:59:38 +0000 UTC,https://raw.githubusercontent.com/roll-assets/ethereum/main/assets/0x87cc79c77a760464d18990b485c914bfd6806f1c/logo.png,confirmed,,0xdf65f4e6f2e9436bc1de1e00661c7108290e8bd3
Cherry,CHERRY,4,10000000,100000000000,0x4eCB692B0fEDeCD7B486b4c99044392784877E8C,2020-06-27 07:36:52 +0000 UTC,https://raw.githubusercontent.com/roll-assets/ethereum/main/assets/0x4ecb692b0fedecd7b486b4c99044392784877e8c/logo.png,confirmed,,0xdf65f4e6f2e9436bc1de1e00661c7108290e8bd3
DEN,DEN,4,10000000,100000000000,0xCC6B25d2A3D95568d1C903a5376982b1f54c7791,2020-07-09 18:54:59 +0000 UTC,https://raw.githubusercontent.com/roll-assets/ethereum/main/assets/0xcc6b25d2a3d95568d1c903a5376982b1f54c7791/logo.png,confirmed,,0xdf65f4e6f2e9436bc1de1e00661c7108290e8bd3
KAIJU,KAIJU,4,10000000,100000000000,0x58a5d3e4873A75B07fB3c7CF477EeBc44ea73B3B,2020-06-30 17:39:15 +0000 UTC,https://raw.githubusercontent.com/roll-assets/ethereum/main/assets/0x58a5d3e4873a75b07fb3c7cf477eebc44ea73b3b/logo.png,confirmed,,0xdf65f4e6f2e9436bc1de1e00661c7108290e8bd3
TAMILAS,TML,4,10000000,100000000000,0xa6CeBeb159879BD6bAa85A4c8253aD7e911b45E5,2020-07-01 05:02:13 +0000 UTC,https://raw.githubusercontent.com/roll-assets/ethereum/main/assets/0xa6cebeb159879bd6baa85a4c8253ad7e911b45e5/logo.png,confirmed,,0xdf65f4e6f2e9436bc1de1e00661c7108290e8bd3
Avalon,AVL,4,10000000,100000000000,0x204f5e277A57Be84df31E86bD981Ea3d050d73F4,2020-07-02 23:50:14 +0000 UTC,https://raw.githubusercontent.com/roll-assets/ethereum/main/assets/0x204f5e277a57be84df31e86bd981ea3d050d73f4/logo.png,confirmed,,0xdf65f4e6f2e9436bc1de1e00661c7108290e8bd3
Shreyas,SHREY,4,10000000,100000000000,0xfce738f60585D79Ddc980C77C9990F7F9B88300e,2020-07-26 22:12:26 +0000 UTC,https://raw.githubusercontent.com/roll-assets/ethereum/main/assets/0xfce738f60585d79ddc980c77c9990f7f9b88300e/logo.png,confirmed,,0xdf65f4e6f2e9436bc1de1e00661c7108290e8bd3
Game Of Bitcoins,GOB,4,10000000,100000000000,0xE400013Df86249838B720eaB5a7F816aD82433c0,2020-07-09 19:46:47 +0000 UTC,https://raw.githubusercontent.com/roll-assets/ethereum/main/assets/0xe400013df86249838b720eab5a7f816ad82433c0/logo.png,confirmed,,0xdf65f4e6f2e9436bc1de1e00661c7108290e8bd3
Eye,EYE,4,10000000,100000000000,0xF94d09007ADc12c7a295c876db8CE690453815Cc,2020-08-23 01:19:26 +0000 UTC,https://raw.githubusercontent.com/roll-assets/ethereum/main/assets/0xf94d09007adc12c7a295c876db8ce690453815cc/logo.png,confirmed,,0xdf65f4e6f2e9436bc1de1e00661c7108290e8bd3
Mark,MARK,4,10000000,100000000000,0x7Bb50Ae05147882107218FE9daB9f58BD2e8FF55,2020-07-10 01:52:40 +0000 UTC,https://raw.githubusercontent.com/roll-assets/ethereum/main/assets/0x7bb50ae05147882107218fe9dab9f58bd2e8ff55/logo.png,confirmed,,0xdf65f4e6f2e9436bc1de1e00661c7108290e8bd3
Max,MAX,4,10000000,100000000000,0x24E634089bE96E3754F0DFA628A94ea57089e4bc,2020-07-10 02:38:53 +0000 UTC,https://raw.githubusercontent.com/roll-assets/ethereum/main/assets/0x24e634089be96e3754f0dfa628a94ea57089e4bc/logo.png,confirmed,,0xdf65f4e6f2e9436bc1de1e00661c7108290e8bd3
Karma,KARMA,4,10000000,100000000000,0xdfe691F37b6264a90Ff507EB359C45d55037951C,2020-07-09 01:22:16 +0000 UTC,https://raw.githubusercontent.com/roll-assets/ethereum/main/assets/0xdfe691f37b6264a90ff507eb359c45d55037951c/logo.png,confirmed,,0xdf65f4e6f2e9436bc1de1e00661c7108290e8bd3
BlackAdam,ADAM,4,10000000,100000000000,0xAcD9e600Fc4e95B6AfbB4b2638CfcB5D905a7fCA,2020-07-12 04:32:26 +0000 UTC,https://raw.githubusercontent.com/roll-assets/ethereum/main/assets/0xacd9e600fc4e95b6afbb4b2638cfcb5d905a7fca/logo.png,confirmed,,0xdf65f4e6f2e9436bc1de1e00661c7108290e8bd3
Farmer,FARMER,4,10000000,100000000000,0xe089CeEb88086d7DD5153cf0357525069Cb27a4a,2020-07-10 21:33:41 +0000 UTC,https://raw.githubusercontent.com/roll-assets/ethereum/main/assets/0xe089ceeb88086d7dd5153cf0357525069cb27a4a/logo.png,confirmed,,0xdf65f4e6f2e9436bc1de1e00661c7108290e8bd3
Cabo,CABO,4,10000000,100000000000,0x08A3C1ae43883579De6184910beC740185414425,2020-07-12 18:20:20 +0000 UTC,https://raw.githubusercontent.com/roll-assets/ethereum/main/assets/0x08a3c1ae43883579de6184910bec740185414425/logo.png,confirmed,,0xdf65f4e6f2e9436bc1de1e00661c7108290e8bd3
Gothic,GOTHIC,4,10000000,100000000000,0x105F838bC941345F9BbafeF10FDb54B241C20105,2020-07-10 21:11:26 +0000 UTC,https://raw.githubusercontent.com/roll-assets/ethereum/main/assets/0x105f838bc941345f9bbafef10fdb54b241c20105/logo.png,confirmed,,0xdf65f4e6f2e9436bc1de1e00661c7108290e8bd3
Josh,JOSH,4,10000000,100000000000,0xd52C2f7D213192E3Ea1e0DF8952a49423587fc87,2020-07-18 03:16:20 +0000 UTC,https://raw.githubusercontent.com/roll-assets/ethereum/main/assets/0xd52c2f7d213192e3ea1e0df8952a49423587fc87/logo.png,confirmed,,0xdf65f4e6f2e9436bc1de1e00661c7108290e8bd3
Snow,SNOW,4,10000000,100000000000,0x5bE04ae661DfEc1a1c40dD1a19E432c925ee1aAA,2020-11-14 22:39:33 +0000 UTC,https://raw.githubusercontent.com/roll-assets/ethereum/main/assets/0x5be04ae661dfec1a1c40dd1a19e432c925ee1aaa/logo.png,confirmed,,0xdf65f4e6f2e9436bc1de1e00661c7108290e8bd3
NASZAM,NASZAM,4,10000000,100000000000,0x10833B166D2B923b87cA43C864C15661Be603C7b,2020-07-26 22:24:10 +0000 UTC,https://raw.githubusercontent.com/roll-assets/ethereum/main/assets/0x10833b166d2b923b87ca43c864c15661be603c7b/logo.png,confirmed,,0xdf65f4e6f2e9436bc1de1e00661c7108290e8bd3
Vaunker,VAN,4,10000000,100000000000,0x90aBeB53701C89e8d7Aca6A03d105576Ccd6386E,2020-07-26 22:29:09 +0000 UTC,https://raw.githubusercontent.com/roll-assets/ethereum/main/assets/0x90abeb53701c89e8d7aca6a03d105576ccd6386e/logo.png,confirmed,,0xdf65f4e6f2e9436bc1de1e00661c7108290e8bd3
Milano,MILANO,4,10000000,100000000000,0x0af5ae6b1ADFd5bb2bf498046D8f3A188609064E,2020-07-26 22:35:47 +0000 UTC,https://raw.githubusercontent.com/roll-assets/ethereum/main/assets/0x0af5ae6b1adfd5bb2bf498046d8f3a188609064e/logo.png,confirmed,,0xdf65f4e6f2e9436bc1de1e00661c7108290e8bd3
Volley,VOLLEY,4,10000000,100000000000,0x8EE22C31531956A921425c6aFcB3E5742E775f12,2020-07-26 22:42:52 +0000 UTC,https://raw.githubusercontent.com/roll-assets/ethereum/main/assets/0x8ee22c31531956a921425c6afcb3e5742e775f12/logo.png,confirmed,,0xdf65f4e6f2e9436bc1de1e00661c7108290e8bd3
Prohaus,HAUS,4,10000000,100000000000,0xD83EA66D2eC74617734e82a39E7fe90496599204,2021-02-02 04:22:55 +0000 UTC,https://raw.githubusercontent.com/roll-assets/ethereum/main/assets/0xd83ea66d2ec74617734e82a39e7fe90496599204/logo.png,confirmed,,0xdf65f4e6f2e9436bc1de1e00661c7108290e8bd3
All The Smoke,ATS,4,10000000,100000000000,0xE5f55a3b74874531a99359b833b92866A6609f6B,2020-07-21 15:44:24 +0000 UTC,https://raw.githubusercontent.com/roll-assets/ethereum/main/assets/0xe5f55a3b74874531a99359b833b92866a6609f6b/logo.png,confirmed,,0xdf65f4e6f2e9436bc1de1e00661c7108290e8bd3
LADZ,LADZ,4,10000000,100000000000,0x1287c0509df9a475Ef178471aB2132b9dfD312B3,2020-07-22 21:39:21 +0000 UTC,https://raw.githubusercontent.com/roll-assets/ethereum/main/assets/0x1287c0509df9a475ef178471ab2132b9dfd312b3/logo.png,confirmed,,0xdf65f4e6f2e9436bc1de1e00661c7108290e8bd3
Casey,CASEY,4,10000000,100000000000,0xfc61c3Fd8caD40c59086dFA86453d29A9362dCf4,2020-07-26 22:50:22 +0000 UTC,https://raw.githubusercontent.com/roll-assets/ethereum/main/assets/0xfc61c3fd8cad40c59086dfa86453d29a9362dcf4/logo.png,confirmed,,0xdf65f4e6f2e9436bc1de1e00661c7108290e8bd3
JMP,JMP,4,10000000,100000000000,0x5224DFE55ab94eeA301B62694Cdf0952e00444b9,2020-07-25 18:56:54 +0000 UTC,https://raw.githubusercontent.com/roll-assets/ethereum/main/assets/0x5224dfe55ab94eea301b62694cdf0952e00444b9/logo.png,confirmed,,0xdf65f4e6f2e9436bc1de1e00661c7108290e8bd3
INFWEE,INFWEE,4,10000000,100000000000,0x6BDA8ad4D771e628C2Ea7481b4591236bA01A864,2020-07-30 00:49:53 +0000 UTC,https://raw.githubusercontent.com/roll-assets/ethereum/main/assets/0x6bda8ad4d771e628c2ea7481b4591236ba01a864/logo.png,confirmed,,0xdf65f4e6f2e9436bc1de1e00661c7108290e8bd3
SIM,SIM,4,10000000,100000000000,0xCcB4622CdCe3b25F9230f496B8aea6b68Cb50535,2020-07-29 21:41:33 +0000 UTC,https://raw.githubusercontent.com/roll-assets/ethereum/main/assets/0xccb4622cdce3b25f9230f496b8aea6b68cb50535/logo.png,confirmed,,0xdf65f4e6f2e9436bc1de1e00661c7108290e8bd3
OBrien,OBRIEN,4,10000000,100000000000,0x2116E40ABaBE3F5Ecb2bfE360Ea06AA00bf25B06,2020-07-29 21:57:31 +0000 UTC,https://raw.githubusercontent.com/roll-assets/ethereum/main/assets/0x2116e40ababe3f5ecb2bfe360ea06aa00bf25b06/logo.png,confirmed,,0xdf65f4e6f2e9436bc1de1e00661c7108290e8bd3
DANNY,DANNY,4,10000000,100000000000,0xf97Ce80cd21e18006dd9c3Edc07c983c158F9371,2020-07-29 21:51:01 +0000 UTC,https://raw.githubusercontent.com/roll-assets/ethereum/main/assets/0xf97ce80cd21e18006dd9c3edc07c983c158f9371/logo.png,confirmed,,0xdf65f4e6f2e9436bc1de1e00661c7108290e8bd3
Unity,UNITY,4,10000000,100000000000,0xcF6A236226DDE0C1eD87BbF933F75f44A8B6FA38,2020-07-29 21:47:25 +0000 UTC,https://raw.githubusercontent.com/roll-assets/ethereum/main/assets/0xcf6a236226dde0c1ed87bbf933f75f44a8b6fa38/logo.png,confirmed,,0xdf65f4e6f2e9436bc1de1e00661c7108290e8bd3
Bearhugs,TREATS,4,10000000,100000000000,0x0B2623a0e1dE4C3640A25bDE55a138FC40158195,2020-07-31 21:02:23 +0000 UTC,https://raw.githubusercontent.com/roll-assets/ethereum/main/assets/0x0b2623a0e1de4c3640a25bde55a138fc40158195/logo.png,confirmed,,0xdf65f4e6f2e9436bc1de1e00661c7108290e8bd3
NOVA,NOVA,4,10000000,100000000000,0x45cC3676b2EC557E36ee160D100aA47e4D189637,2020-08-05 22:10:57 +0000 UTC,https://raw.githubusercontent.com/roll-assets/ethereum/main/assets/0x45cc3676b2ec557e36ee160d100aa47e4d189637/logo.png,confirmed,,0xdf65f4e6f2e9436bc1de1e00661c7108290e8bd3
SWAG,SWAG,4,10000000,100000000000,0xF7dEaF8f20546880cE40441c7bF47733006af98c,2020-08-28 17:06:34 +0000 UTC,https://raw.githubusercontent.com/roll-assets/ethereum/main/assets/0xf7deaf8f20546880ce40441c7bf47733006af98c/logo.png,confirmed,,0xdf65f4e6f2e9436bc1de1e00661c7108290e8bd3
Whisky,WHISKY,4,10000000,100000000000,0x835fb9077C2EEEB044E55725Cc4c6c00c4FF88E3,2020-08-09 02:21:43 +0000 UTC,https://raw.githubusercontent.com/roll-assets/ethereum/main/assets/0x835fb9077c2eeeb044e55725cc4c6c00c4ff88e3/logo.png,confirmed,,0xdf65f4e6f2e9436bc1de1e00661c7108290e8bd3
ICONN,ICONN,4,10000000,100000000000,0x060e49653d5693a00f9037e3E66251eAD60b3Ba1,2020-08-18 02:57:52 +0000 UTC,https://raw.githubusercontent.com/roll-assets/ethereum/main/assets/0x060e49653d5693a00f9037e3e66251ead60b3ba1/logo.png,confirmed,,0xdf65f4e6f2e9436bc1de1e00661c7108290e8bd3
DANIEL,DANIEL,4,10000000,100000000000,0xd9b38068cf4eA5EF9A9FE8922f21c8Ae52F016b8,2020-08-08 04:42:53 +0000 UTC,https://raw.githubusercontent.com/roll-assets/ethereum/main/assets/0xd9b38068cf4ea5ef9a9fe8922f21c8ae52f016b8/logo.png,confirmed,,0xdf65f4e6f2e9436bc1de1e00661c7108290e8bd3
Rare Ones,RONES,4,10000000,100000000000,0xDd8A49180E44806Bd56873bda359C1115F7E98b5,2020-09-20 03:36:52 +0000 UTC,https://raw.githubusercontent.com/roll-assets/ethereum/main/assets/0xdd8a49180e44806bd56873bda359c1115f7e98b5/logo.png,confirmed,,0xdf65f4e6f2e9436bc1de1e00661c7108290e8bd3
Ortier Capital,ORTC,4,10000000,100000000000,0x0b11D5d078955C6E5913beEaba85660202A4FC55,2020-08-23 01:56:42 +0000 UTC,https://raw.githubusercontent.com/roll-assets/ethereum/main/assets/0x0b11d5d078955c6e5913beeaba85660202a4fc55/logo.png,confirmed,,0xdf65f4e6f2e9436bc1de1e00661c7108290e8bd3
KNIGHT,KNIGHT,4,10000000,100000000000,0x4dB56A679DF2694c98793BdEB0a92f9C77C5ae64,2020-08-23 01:46:27 +0000 UTC,https://raw.githubusercontent.com/roll-assets/ethereum/main/assets/0x4db56a679df2694c98793bdeb0a92f9c77c5ae64/logo.png,confirmed,,0xdf65f4e6f2e9436bc1de1e00661c7108290e8bd3
Luna,LUNA,4,10000000,100000000000,0xdC5938384Ae01489C5C8D071706E90dd42E33427,2020-08-23 01:33:06 +0000 UTC,https://raw.githubusercontent.com/roll-assets/ethereum/main/assets/0xdc5938384ae01489c5c8d071706e90dd42e33427/logo.png,confirmed,,0xdf65f4e6f2e9436bc1de1e00661c7108290e8bd3
FabulousFunds,FAB,4,10000000,100000000000,0x86876a5fCAcb52a197f194A2c8b2166Af327a6da,2020-08-23 02:05:49 +0000 UTC,https://raw.githubusercontent.com/roll-assets/ethereum/main/assets/0x86876a5fcacb52a197f194a2c8b2166af327a6da/logo.png,confirmed,,0xdf65f4e6f2e9436bc1de1e00661c7108290e8bd3
Bobux,BOBUX,4,10000000,100000000000,0xC4bC757008f91fdA5876398147C73831cf9b285E,2020-08-23 02:59:51 +0000 UTC,https://raw.githubusercontent.com/roll-assets/ethereum/main/assets/0xc4bc757008f91fda5876398147c73831cf9b285e/logo.png,confirmed,,0xdf65f4e6f2e9436bc1de1e00661c7108290e8bd3
Nouveau,SNV,4,10000000,100000000000,0x0ab93C6be61A8f30b465B71383207FBDCef1a722,2020-08-23 03:07:53 +0000 UTC,https://raw.githubusercontent.com/roll-assets/ethereum/main/assets/0x0ab93c6be61a8f30b465b71383207fbdcef1a722/logo.png,confirmed,,0xdf65f4e6f2e9436bc1de1e00661c7108290e8bd3
Osinachi,OSINA,4,10000000,100000000000,0x39Ad22C916F42aF5f67371d6f2Fb0dab42321a89,2020-08-24 20:35:18 +0000 UTC,https://raw.githubusercontent.com/roll-assets/ethereum/main/assets/0x39ad22c916f42af5f67371d6f2fb0dab42321a89/logo.png,confirmed,,0xdf65f4e6f2e9436bc1de1e00661c7108290e8bd3
Junto,JUNTO,4,10000000,100000000000,0x61dF1FD3454185A66B03C27F84ffB7e4D478553E,2020-08-23 03:21:35 +0000 UTC,https://raw.githubusercontent.com/roll-assets/ethereum/main/assets/0x61df1fd3454185a66b03c27f84ffb7e4d478553e/logo.png,confirmed,,0xdf65f4e6f2e9436bc1de1e00661c7108290e8bd3
Cercle,CIRCL,4,10000000,100000000000,0x63A2CcD492E316EEFAB5B3326dB3C7b0a94c3726,2020-09-20 03:02:28 +0000 UTC,https://raw.githubusercontent.com/roll-assets/ethereum/main/assets/0x63a2ccd492e316eefab5b3326db3c7b0a94c3726/logo.png,confirmed,,0xdf65f4e6f2e9436bc1de1e00661c7108290e8bd3
Good Game Gold,GGG,4,10000000,100000000000,0xcE8089fF023dF2db04b56d2d5156681144a86b82,2020-09-20 03:17:27 +0000 UTC,https://raw.githubusercontent.com/roll-assets/ethereum/main/assets/0xce8089ff023df2db04b56d2d5156681144a86b82/logo.png,confirmed,,0xdf65f4e6f2e9436bc1de1e00661c7108290e8bd3
FRIENDS WITH BENEFITS,FWB,4,10000000,100000000000,0x7d91e637589EC3Bb54D8213a9e92Dc6E8D12da91,2020-08-31 19:43:41 +0000 UTC,https://raw.githubusercontent.com/roll-assets/ethereum/main/assets/0x7d91e637589ec3bb54d8213a9e92dc6e8d12da91/logo.png,confirmed,,0xdf65f4e6f2e9436bc1de1e00661c7108290e8bd3
Trip,TRIP,4,10000000,100000000000,0x116a790417c31Ab790436A519D1C1F3353Edd4a2,2020-09-20 18:42:06 +0000 UTC,https://raw.githubusercontent.com/roll-assets/ethereum/main/assets/0x116a790417c31ab790436a519d1c1f3353edd4a2/logo.png,confirmed,,0xdf65f4e6f2e9436bc1de1e00661c7108290e8bd3
Steady,STEADY,4,10000000,100000000000,0xf42De14aBbdA1244D66b12387cb87fC91EfcFE85,2020-09-20 19:46:29 +0000 UTC,https://raw.githubusercontent.com/roll-assets/ethereum/main/assets/0xf42de14abbda1244d66b12387cb87fc91efcfe85/logo.png,confirmed,,0xdf65f4e6f2e9436bc1de1e00661c7108290e8bd3
MadCripto,MAD,4,10000000,100000000000,0x7DE580D247D0f5d72c522b2750089E18f26e1cF9,2020-09-20 19:32:20 +0000 UTC,https://raw.githubusercontent.com/roll-assets/ethereum/main/assets/0x7de580d247d0f5d72c522b2750089e18f26e1cf9/logo.png,confirmed,,0xdf65f4e6f2e9436bc1de1e00661c7108290e8bd3
MILFcoin,MILF,4,10000000,100000000000,0xDDa8AE425F50eC838b73E9DA6C75D5B01D1f642E,2020-09-20 19:51:41 +0000 UTC,https://raw.githubusercontent.com/roll-assets/ethereum/main/assets/0xdda8ae425f50ec838b73e9da6c75d5b01d1f642e/logo.png,confirmed,,0xdf65f4e6f2e9436bc1de1e00661c7108290e8bd3
ABSTRACT,ABST,4,10000000,100000000000,0x2Feb105FBb4c922597b125C56822B3db7351B55d,2020-10-05 18:36:38 +0000 UTC,https://raw.githubusercontent.com/roll-assets/ethereum/main/assets/0x2feb105fbb4c922597b125c56822b3db7351b55d/logo.png,confirmed,,0xdf65f4e6f2e9436bc1de1e00661c7108290e8bd3
arcane bear,BEAR,4,10000000,100000000000,0xAf162491C0B21900C01F4Cc0F7110238AAcdebE7,2020-09-28 03:42:03 +0000 UTC,https://raw.githubusercontent.com/roll-assets/ethereum/main/assets/0xaf162491c0b21900c01f4cc0f7110238aacdebe7/logo.png,confirmed,,0xdf65f4e6f2e9436bc1de1e00661c7108290e8bd3
THANKS,THANKS,4,10000000,100000000000,0x443dC1c35cf812156C840Fe90639836C8a7371b0,2020-10-01 01:58:35 +0000 UTC,https://raw.githubusercontent.com/roll-assets/ethereum/main/assets/0x443dc1c35cf812156c840fe90639836c8a7371b0/logo.png,confirmed,,0xdf65f4e6f2e9436bc1de1e00661c7108290e8bd3
SAND RUSH,RUSH,4,10000000,100000000000,0xF3b229EAFB3d0C752788014631b3dFDd70817d37,2020-11-27 20:38:09 +0000 UTC,https://raw.githubusercontent.com/roll-assets/ethereum/main/assets/0xf3b229eafb3d0c752788014631b3dfdd70817d37/logo.png,confirmed,,0xdf65f4e6f2e9436bc1de1e00661c7108290e8bd3
Gorn,GORN,4,10000000,100000000000,0x5B9DeCe6E8E703BFfC25E794e6f5DfaEbd26D543,2020-10-05 19:31:37 +0000 UTC,https://raw.githubusercontent.com/roll-assets/ethereum/main/assets/0x5b9dece6e8e703bffc25e794e6f5dfaebd26d543/logo.png,confirmed,,0xdf65f4e6f2e9436bc1de1e00661c7108290e8bd3
Better Money,BETTER,4,10000000,100000000000,0xA7925aA2A6e4575ab0C74D169f3BC3e03D4C319A,2020-10-01 01:25:58 +0000 UTC,https://raw.githubusercontent.com/roll-assets/ethereum/main/assets/0xa7925aa2a6e4575ab0c74d169f3bc3e03d4c319a/logo.png,confirmed,,0xdf65f4e6f2e9436bc1de1e00661c7108290e8bd3
Vikas Kalwani,VK,4,10000000,100000000000,0x7f791C8B4Fd1AA6EF52157Cca3436f7cE9844058,2020-10-05 18:47:14 +0000 UTC,https://raw.githubusercontent.com/roll-assets/ethereum/main/assets/0x7f791c8b4fd1aa6ef52157cca3436f7ce9844058/logo.png,confirmed,,0xdf65f4e6f2e9436bc1de1e00661c7108290e8bd3
Noise,NOISE,4,10000000,100000000000,0x2ef31d97FA8Ab9440d911f38c6D53921C5a64257,2020-10-05 20:27:58 +0000 UTC,https://raw.githubusercontent.com/roll-assets/ethereum/main/assets/0x2ef31d97fa8ab9440d911f38c6d53921c5a64257/logo.png,confirmed,,0xdf65f4e6f2e9436bc1de1e00661c7108290e8bd3
Bobbies,BOBBS,4,10000000,100000000000,0x21C7F008970bFAbcCF9D44Fe7EE7e1f4A5401FEb,2020-10-05 19:40:51 +0000 UTC,https://raw.githubusercontent.com/roll-assets/ethereum/main/assets/0x21c7f008970bfabccf9d44fe7ee7e1f4a5401feb/logo.png,confirmed,,0xdf65f4e6f2e9436bc1de1e00661c7108290e8bd3
Dabdragon Tokens,DABER,4,10000000,100000000000,0xDB9EA477A2E1985B437e02c2Cd84d72E6Bf72c76,2020-10-05 19:59:02 +0000 UTC,https://raw.githubusercontent.com/roll-assets/ethereum/main/assets/0xdb9ea477a2e1985b437e02c2cd84d72e6bf72c76/logo.png,confirmed,,0xdf65f4e6f2e9436bc1de1e00661c7108290e8bd3
Down,DOWN,4,10000000,100000000000,0x1710Ce5A145199Fb7F4C68d16eDF32C95b2850D9,2020-10-17 02:08:13 +0000 UTC,https://raw.githubusercontent.com/roll-assets/ethereum/main/assets/0x1710ce5a145199fb7f4c68d16edf32c95b2850d9/logo.png,confirmed,,0xdf65f4e6f2e9436bc1de1e00661c7108290e8bd3
BTCSAPIENS,BSAP,4,10000000,100000000000,0x9401d929B299e634b34b66BbE24BFB4568553e7F,2020-10-05 20:34:55 +0000 UTC,https://raw.githubusercontent.com/roll-assets/ethereum/main/assets/0x9401d929b299e634b34b66bbe24bfb4568553e7f/logo.png,confirmed,,0xdf65f4e6f2e9436bc1de1e00661c7108290e8bd3
future modern builderbucks,BUILD,4,10000000,100000000000,0x9496b91175490C26887DBD18cc423AD40CcD274E,2020-10-17 03:15:48 +0000 UTC,https://raw.githubusercontent.com/roll-assets/ethereum/main/assets/0x9496b91175490c26887dbd18cc423ad40ccd274e/logo.png,confirmed,,0xdf65f4e6f2e9436bc1de1e00661c7108290e8bd3
The Bitcoin Family,FAMILY,4,10000000,100000000000,0x833E4c02c47B7e38f5b9A80b26eb07D23d1961f4,2020-10-05 23:14:53 +0000 UTC,https://raw.githubusercontent.com/roll-assets/ethereum/main/assets/0x833e4c02c47b7e38f5b9a80b26eb07d23d1961f4/logo.png,confirmed,,0xdf65f4e6f2e9436bc1de1e00661c7108290e8bd3
Rollerdance,RDANCE,4,10000000,100000000000,0xC5e51F32d0C8BbeF06882045db98FF8bC7fAfC49,2020-10-06 23:08:41 +0000 UTC,https://raw.githubusercontent.com/roll-assets/ethereum/main/assets/0xc5e51f32d0c8bbef06882045db98ff8bc7fafc49/logo.png,confirmed,,0xdf65f4e6f2e9436bc1de1e00661c7108290e8bd3
HDRR,HDRR,4,10000000,100000000000,0xC91b81df82534eA95C547abE86db455976ce70F8,2020-10-17 01:52:16 +0000 UTC,https://raw.githubusercontent.com/roll-assets/ethereum/main/assets/0xc91b81df82534ea95c547abe86db455976ce70f8/logo.png,confirmed,,0xdf65f4e6f2e9436bc1de1e00661c7108290e8bd3
Econ,ECON,4,10000000,100000000000,0x740B88Dd18D4987f1b0Fe02d59E174be59938EBb,2020-10-17 01:56:47 +0000 UTC,https://raw.githubusercontent.com/roll-assets/ethereum/main/assets/0x740b88dd18d4987f1b0fe02d59e174be59938ebb/logo.png,confirmed,,0xdf65f4e6f2e9436bc1de1e00661c7108290e8bd3
Loopie,LOOPIE,4,10000000,100000000000,0xD1eED78FdB470d20aCfa35329879b5051eE68738,2020-10-17 01:43:17 +0000 UTC,https://raw.githubusercontent.com/roll-assets/ethereum/main/assets/0xd1eed78fdb470d20acfa35329879b5051ee68738/logo.png,confirmed,,0xdf65f4e6f2e9436bc1de1e00661c7108290e8bd3
Random Number Generator,RNG,4,10000000,100000000000,0xa2f96EF6ed3d67A0352e659B1E980f13e098619F,2020-10-07 15:37:07 +0000 UTC,https://raw.githubusercontent.com/roll-assets/ethereum/main/assets/0xa2f96ef6ed3d67a0352e659b1e980f13e098619f/logo.png,confirmed,,0xdf65f4e6f2e9436bc1de1e00661c7108290e8bd3
ValorDAO,VLR,4,10000000,100000000000,0x28ebC92E995Ef0a2C9A069D39F991c55A512e07c,2020-10-09 01:57:35 +0000 UTC,https://raw.githubusercontent.com/roll-assets/ethereum/main/assets/0x28ebc92e995ef0a2c9a069d39f991c55a512e07c/logo.png,confirmed,,0xdf65f4e6f2e9436bc1de1e00661c7108290e8bd3
1337,1337,4,10000000,100000000000,0x35872fea6A4843fACBCDbCe99e3B69596A3680b8,2020-10-13 00:24:54 +0000 UTC,https://raw.githubusercontent.com/roll-assets/ethereum/main/assets/0x35872fea6a4843facbcdbce99e3b69596a3680b8/logo.png,confirmed,,0xdf65f4e6f2e9436bc1de1e00661c7108290e8bd3
CoinWithNoName,CWNN,4,10000000,100000000000,0x6CE10f66B4D47601Be2BEd4aC20653D9b90d0759,2020-10-17 02:16:56 +0000 UTC,https://raw.githubusercontent.com/roll-assets/ethereum/main/assets/0x6ce10f66b4d47601be2bed4ac20653d9b90d0759/logo.png,confirmed,,0xdf65f4e6f2e9436bc1de1e00661c7108290e8bd3
LIFE,LIFE,4,10000000,100000000000,0x2Ad128fBEFF2B781D028148DEc82bBe2498Dc08e,2020-10-31 04:04:50 +0000 UTC,https://raw.githubusercontent.com/roll-assets/ethereum/main/assets/0x2ad128fbeff2b781d028148dec82bbe2498dc08e/logo.png,confirmed,,0xdf65f4e6f2e9436bc1de1e00661c7108290e8bd3
Gatt,GATT,4,10000000,100000000000,0x4Ae20b59138431597C09A4531CD3d3156940d596,2020-10-24 21:18:41 +0000 UTC,https://raw.githubusercontent.com/roll-assets/ethereum/main/assets/0x4ae20b59138431597c09a4531cd3d3156940d596/logo.png,confirmed,,0xdf65f4e6f2e9436bc1de1e00661c7108290e8bd3
Black,BLACK,4,10000000,100000000000,0x2DE4ef1Eb481cF4a7b8C9f88f6D2E47387cFAf5F,2020-10-25 02:34:59 +0000 UTC,https://raw.githubusercontent.com/roll-assets/ethereum/main/assets/0x2de4ef1eb481cf4a7b8c9f88f6d2e47387cfaf5f/logo.png,confirmed,,0xdf65f4e6f2e9436bc1de1e00661c7108290e8bd3
BVA,BVA,4,10000000,100000000000,0xA7aB21CA0a11d63369de020601b1342baA71144E,2020-10-24 21:11:04 +0000 UTC,https://raw.githubusercontent.com/roll-assets/ethereum/main/assets/0xa7ab21ca0a11d63369de020601b1342baa71144e/logo.png,confirmed,,0xdf65f4e6f2e9436bc1de1e00661c7108290e8bd3
All Things Blockchain,ATB,4,10000000,100000000000,0xdB147d66851Fa80CD40A51E81E16Da26bA4Ea6B0,2020-10-24 21:39:42 +0000 UTC,https://raw.githubusercontent.com/roll-assets/ethereum/main/assets/0xdb147d66851fa80cd40a51e81e16da26ba4ea6b0/logo.png,confirmed,,0xdf65f4e6f2e9436bc1de1e00661c7108290e8bd3
Play,PLAY,4,10000000,100000000000,0xC53a9c309Ee2F3E333BD6ecA806A31d0e2Dca5C5,2020-10-24 21:33:32 +0000 UTC,https://raw.githubusercontent.com/roll-assets/ethereum/main/assets/0xc53a9c309ee2f3e333bd6eca806a31d0e2dca5c5/logo.png,confirmed,,0xdf65f4e6f2e9436bc1de1e00661c7108290e8bd3
WoWCrypto,WOW,4,10000000,100000000000,0xa59D9c42eb26a619c39D250b4574BD76023A760E,2020-10-25 04:38:04 +0000 UTC,https://raw.githubusercontent.com/roll-assets/ethereum/main/assets/0xa59d9c42eb26a619c39d250b4574bd76023a760e/logo.png,confirmed,,0xdf65f4e6f2e9436bc1de1e00661c7108290e8bd3
SEXPOP Collective,EXPOP,4,10000000,100000000000,0x5f9172EcEeaC7bBac9DD6A8013bfA9a30F5E5628,2020-10-24 22:13:58 +0000 UTC,https://raw.githubusercontent.com/roll-assets/ethereum/main/assets/0x5f9172eceeac7bbac9dd6a8013bfa9a30f5e5628/logo.png,confirmed,,0xdf65f4e6f2e9436bc1de1e00661c7108290e8bd3
Design,DSGN,4,10000000,100000000000,0x537A9095b78517597b5f2058EDcd6E1978095909,2020-10-24 22:09:51 +0000 UTC,https://raw.githubusercontent.com/roll-assets/ethereum/main/assets/0x537a9095b78517597b5f2058edcd6e1978095909/logo.png,confirmed,,0xdf65f4e6f2e9436bc1de1e00661c7108290e8bd3
PICA,PICA,4,10000000,100000000000,0x1eCe1739DAE08253aE582C404511B37355B42C84,2020-10-25 02:42:55 +0000 UTC,https://raw.githubusercontent.com/roll-assets/ethereum/main/assets/0x1ece1739dae08253ae582c404511b37355b42c84/logo.png,confirmed,,0xdf65f4e6f2e9436bc1de1e00661c7108290e8bd3
Awkward,AWKWRD,4,10000000,100000000000,0xf5593de88c5391722873AFBA0cbe16fEc11066d5,2020-10-24 22:20:54 +0000 UTC,https://raw.githubusercontent.com/roll-assets/ethereum/main/assets/0xf5593de88c5391722873afba0cbe16fec11066d5/logo.png,confirmed,,0xdf65f4e6f2e9436bc1de1e00661c7108290e8bd3
MAiWORLD,MAI,4,10000000,100000000000,0xC7cae65F4C0C98e643155d85616B95eE71F64Ca5,2020-10-24 22:18:27 +0000 UTC,https://raw.githubusercontent.com/roll-assets/ethereum/main/assets/0xc7cae65f4c0c98e643155d85616b95ee71f64ca5/logo.png,confirmed,,0xdf65f4e6f2e9436bc1de1e00661c7108290e8bd3
XMAO,XMAO,4,10000000,100000000000,0x521cdd9083b751dba264e9E000d11511993836e9,2020-10-25 04:43:03 +0000 UTC,https://raw.githubusercontent.com/roll-assets/ethereum/main/assets/0x521cdd9083b751dba264e9e000d11511993836e9/logo.png,confirmed,,0xdf65f4e6f2e9436bc1de1e00661c7108290e8bd3
ROOKS,ROOKS,4,10000000,100000000000,0x67b562802aE7Da63283741103d14F508597f6380,2020-10-25 05:01:00 +0000 UTC,https://raw.githubusercontent.com/roll-assets/ethereum/main/assets/0x67b562802ae7da63283741103d14f508597f6380/logo.png,confirmed,,0xdf65f4e6f2e9436bc1de1e00661c7108290e8bd3
NiCoin,NICOIN,4,10000000,100000000000,0x34cC7A0525ea34f75547Ef9E57ce479D9E90cC1c,2020-10-31 22:57:06 +0000 UTC,https://raw.githubusercontent.com/roll-assets/ethereum/main/assets/0x34cc7a0525ea34f75547ef9e57ce479d9e90cc1c/logo.png,confirmed,,0xdf65f4e6f2e9436bc1de1e00661c7108290e8bd3
Swans,SWANS,4,10000000,100000000000,0xF84c07398Ac41EC0700408a14AA1fcdA9c0e4091,2020-11-20 06:04:12 +0000 UTC,https://raw.githubusercontent.com/roll-assets/ethereum/main/assets/0xf84c07398ac41ec0700408a14aa1fcda9c0e4091/logo.png,confirmed,,0xdf65f4e6f2e9436bc1de1e00661c7108290e8bd3
GREEN,GREEN,4,10000000,100000000000,0x9CF140FEB1109dd6E5a602C17a7A5aEd9a9b1DdC,2020-11-05 15:58:46 +0000 UTC,https://raw.githubusercontent.com/roll-assets/ethereum/main/assets/0x9cf140feb1109dd6e5a602c17a7a5aed9a9b1ddc/logo.png,confirmed,,0xdf65f4e6f2e9436bc1de1e00661c7108290e8bd3
NARCO,NARCO,4,10000000,100000000000,0xB663DF075579FdCAA17E4335aB8E7189BdEBe69b,2020-11-04 19:53:44 +0000 UTC,https://raw.githubusercontent.com/roll-assets/ethereum/main/assets/0xb663df075579fdcaa17e4335ab8e7189bdebe69b/logo.png,confirmed,,0xdf65f4e6f2e9436bc1de1e00661c7108290e8bd3
Global,GLOBAL,4,10000000,100000000000,0x6036EBa7DBb9B951D3a40b8edbA3FE6120BC71f3,2020-11-20 05:44:20 +0000 UTC,https://raw.githubusercontent.com/roll-assets/ethereum/main/assets/0x6036eba7dbb9b951d3a40b8edba3fe6120bc71f3/logo.png,confirmed,,0xdf65f4e6f2e9436bc1de1e00661c7108290e8bd3
NFT Army,ARMY,4,10000000,100000000000,0x41F9e580D1d66559B6646361F406C9c406169529,2020-11-19 21:55:12 +0000 UTC,https://raw.githubusercontent.com/roll-assets/ethereum/main/assets/0x41f9e580d1d66559b6646361f406c9c406169529/logo.png,confirmed,,0xdf65f4e6f2e9436bc1de1e00661c7108290e8bd3
Flix,FLIX,4,10000000,100000000000,0x0157dA8f5833D11C9a95a026d99E2B7CBc11880d,2020-11-16 12:34:09 +0000 UTC,https://raw.githubusercontent.com/roll-assets/ethereum/main/assets/0x0157da8f5833d11c9a95a026d99e2b7cbc11880d/logo.png,confirmed,,0xdf65f4e6f2e9436bc1de1e00661c7108290e8bd3
Meme Force,MEFO,4,10000000,100000000000,0xe27A83cf13dD522634095f94A90fb4B31E6455d3,2020-11-19 21:48:28 +0000 UTC,https://raw.githubusercontent.com/roll-assets/ethereum/main/assets/0xe27a83cf13dd522634095f94a90fb4b31e6455d3/logo.png,confirmed,,0xdf65f4e6f2e9436bc1de1e00661c7108290e8bd3
Defix,DEFIX,4,10000000,100000000000,0xd91F5eD055e1eB220d9C274d6826110133a9e7af,2020-12-04 05:34:34 +0000 UTC,https://raw.githubusercontent.com/roll-assets/ethereum/main/assets/0xd91f5ed055e1eb220d9c274d6826110133a9e7af/logo.png,confirmed,,0xdf65f4e6f2e9436bc1de1e00661c7108290e8bd3
ARKE,ARKE,4,10000000,100000000000,0xA9248F8e40d4b9c3Ca8ebd8E07E9BCB942C616d8,2020-11-19 05:29:55 +0000 UTC,https://raw.githubusercontent.com/roll-assets/ethereum/main/assets/0xa9248f8e40d4b9c3ca8ebd8e07e9bcb942c616d8/logo.png,confirmed,,0xdf65f4e6f2e9436bc1de1e00661c7108290e8bd3
Jentry,JENTRY,4,10000000,100000000000,0xff583f9C298fDa98A664315fad45b2D5b8685b8A,2020-11-19 21:02:28 +0000 UTC,https://raw.githubusercontent.com/roll-assets/ethereum/main/assets/0xff583f9c298fda98a664315fad45b2d5b8685b8a/logo.png,confirmed,,0xdf65f4e6f2e9436bc1de1e00661c7108290e8bd3
Preethevibes,PREE,4,10000000,100000000000,0x5a9c11129b7B258B178540c518f595b3CD2d6e38,2020-11-20 05:29:15 +0000 UTC,https://raw.githubusercontent.com/roll-assets/ethereum/main/assets/0x5a9c11129b7b258b178540c518f595b3cd2d6e38/logo.png,confirmed,,0xdf65f4e6f2e9436bc1de1e00661c7108290e8bd3
TraderSquare,TRS,4,10000000,100000000000,0x1Ef4d930097D30689B16945Aa8286C62Ce7f75dF,2020-11-19 23:35:30 +0000 UTC,https://raw.githubusercontent.com/roll-assets/ethereum/main/assets/0x1ef4d930097d30689b16945aa8286c62ce7f75df/logo.png,confirmed,,0xdf65f4e6f2e9436bc1de1e00661c7108290e8bd3
Realm,RLM,4,10000000,100000000000,0x97A976b11394608147211eced76BEB9A79c9142A,2020-11-27 20:25:00 +0000 UTC,https://raw.githubusercontent.com/roll-assets/ethereum/main/assets/0x97a976b11394608147211eced76beb9a79c9142a/logo.png,confirmed,,0xdf65f4e6f2e9436bc1de1e00661c7108290e8bd3
GRAILS,GRAILS,4,10000000,100000000000,0xeDdB285802E83f30c69DE72C62A618C43a470Cf8,2020-11-22 20:33:09 +0000 UTC,https://raw.githubusercontent.com/roll-assets/ethereum/main/assets/0xeddb285802e83f30c69de72c62a618c43a470cf8/logo.png,confirmed,,0xdf65f4e6f2e9436bc1de1e00661c7108290e8bd3
Solstice,SOLSTC,4,10000000,100000000000,0x80657f63E4Dc3dDe2C1eb9bB34E80c2e3DED86f3,2020-12-10 19:41:04 +0000 UTC,https://raw.githubusercontent.com/roll-assets/ethereum/main/assets/0x80657f63e4dc3dde2c1eb9bb34e80c2e3ded86f3/logo.png,confirmed,,0xdf65f4e6f2e9436bc1de1e00661c7108290e8bd3
TIO,TIO,4,10000000,100000000000,0x6b8FBF3fcA80FDD7385cc049E03b0443E7aFa290,2020-11-23 01:13:43 +0000 UTC,https://raw.githubusercontent.com/roll-assets/ethereum/main/assets/0x6b8fbf3fca80fdd7385cc049e03b0443e7afa290/logo.png,confirmed,,0xdf65f4e6f2e9436bc1de1e00661c7108290e8bd3
Seveibar,SEV,4,10000000,100000000000,0xdEBA085F994F287ef2cE88bF6C6134147ba5c1C4,2020-11-27 20:30:05 +0000 UTC,https://raw.githubusercontent.com/roll-assets/ethereum/main/assets/0xdeba085f994f287ef2ce88bf6c6134147ba5c1c4/logo.png,confirmed,,0xdf65f4e6f2e9436bc1de1e00661c7108290e8bd3
TheBlackSea,TBS,4,10000000,100000000000,0x6BfBEf897a4715F7aa0c95a258071E3cD1160091,2020-12-10 19:48:54 +0000 UTC,https://raw.githubusercontent.com/roll-assets/ethereum/main/assets/0x6bfbef897a4715f7aa0c95a258071e3cd1160091/logo.png,confirmed,,0xdf65f4e6f2e9436bc1de1e00661c7108290e8bd3
INGI,INGI,4,10000000,100000000000,0xfdc01E02A12D5Ed6F3F9F680Dc44C624b806b425,2020-12-18 21:05:29 +0000 UTC,https://raw.githubusercontent.com/roll-assets/ethereum/main/assets/0xfdc01e02a12d5ed6f3f9f680dc44c624b806b425/logo.png,confirmed,,0xdf65f4e6f2e9436bc1de1e00661c7108290e8bd3
Electric Bare,EBARE,4,10000000,100000000000,0x706D6C5B1F925233BB1F634e56d52c0ED2929e3a,2020-12-18 22:41:22 +0000 UTC,https://raw.githubusercontent.com/roll-assets/ethereum/main/assets/0x706d6c5b1f925233bb1f634e56d52c0ed2929e3a/logo.png,confirmed,,0xdf65f4e6f2e9436bc1de1e00661c7108290e8bd3
Sarlat,SARLAT,4,10000000,100000000000,0x91e8c0fD323D225e7F6660E608419E492Ad2A531,2021-02-26 02:51:21 +0000 UTC,https://raw.githubusercontent.com/roll-assets/ethereum/main/assets/0x91e8c0fd323d225e7f6660e608419e492ad2a531/logo.png,confirmed,,0xdf65f4e6f2e9436bc1de1e00661c7108290e8bd3
Digital Bodies,DIGIS,4,10000000,100000000000,0xb29cD1CE174e530bADA576E8A247819994Ce60AA,2020-12-18 22:46:58 +0000 UTC,https://raw.githubusercontent.com/roll-assets/ethereum/main/assets/0xb29cd1ce174e530bada576e8a247819994ce60aa/logo.png,confirmed,,0xdf65f4e6f2e9436bc1de1e00661c7108290e8bd3
Marte,MARTE,4,10000000,100000000000,0x78a0eE7ad08E2C746518387BeA867BE0199514B8,2020-12-18 22:51:02 +0000 UTC,https://raw.githubusercontent.com/roll-assets/ethereum/main/assets/0x78a0ee7ad08e2c746518387bea867be0199514b8/logo.png,confirmed,,0xdf65f4e6f2e9436bc1de1e00661c7108290e8bd3
HERO,HERO,4,10000000,100000000000,0x862caA11AbE48c945D5361E80EaF19348C479240,2020-12-15 02:46:30 +0000 UTC,https://raw.githubusercontent.com/roll-assets/ethereum/main/assets/0x862caa11abe48c945d5361e80eaf19348c479240/logo.png,confirmed,,0xdf65f4e6f2e9436bc1de1e00661c7108290e8bd3
Affirmation,AFF,4,10000000,100000000000,0xe41A5e76Fc9D99EeA2bfca2e6219B1D6D6337df6,2021-01-20 22:02:38 +0000 UTC,https://raw.githubusercontent.com/roll-assets/ethereum/main/assets/0xe41a5e76fc9d99eea2bfca2e6219b1d6d6337df6/logo.png,confirmed,,0xdf65f4e6f2e9436bc1de1e00661c7108290e8bd3
Together,TGR,4,10000000,100000000000,0x17B77ef2E9d9688F82dbAD294E2b136B33204996,2020-12-18 22:58:16 +0000 UTC,https://raw.githubusercontent.com/roll-assets/ethereum/main/assets/0x17b77ef2e9d9688f82dbad294e2b136b33204996/logo.png,confirmed,,0xdf65f4e6f2e9436bc1de1e00661c7108290e8bd3
Maven,MAVEN,4,10000000,100000000000,0x9EbB57BbbCbcba242f833ae5DDADe1c13141A490,2020-12-18 23:02:59 +0000 UTC,https://raw.githubusercontent.com/roll-assets/ethereum/main/assets/0x9ebb57bbbcbcba242f833ae5ddade1c13141a490/logo.png,confirmed,,0xdf65f4e6f2e9436bc1de1e00661c7108290e8bd3
Mischief,MSCHF,4,10000000,100000000000,0x257AE96Fc1ef2e4f85Da711d960ddC7AaCBA0f6e,2020-12-19 04:29:40 +0000 UTC,https://raw.githubusercontent.com/roll-assets/ethereum/main/assets/0x257ae96fc1ef2e4f85da711d960ddc7aacba0f6e/logo.png,confirmed,,0xdf65f4e6f2e9436bc1de1e00661c7108290e8bd3
Initia,INI,4,10000000,100000000000,0xb5fDe360d9d6D4Dddf6093a39F725081F9C601ae,2020-12-19 04:47:32 +0000 UTC,https://raw.githubusercontent.com/roll-assets/ethereum/main/assets/0xb5fde360d9d6d4dddf6093a39f725081f9c601ae/logo.png,confirmed,,0xdf65f4e6f2e9436bc1de1e00661c7108290e8bd3
Zhiper,ZHIPER,4,10000000,100000000000,0x3ad8276005a07Be745911ABA86B39897789265C7,2021-01-20 21:48:22 +0000 UTC,https://raw.githubusercontent.com/roll-assets/ethereum/main/assets/0x3ad8276005a07be745911aba86b39897789265c7/logo.png,confirmed,,0xdf65f4e6f2e9436bc1de1e00661c7108290e8bd3
Holo,HOLO,4,10000000,100000000000,0x396df668B72F65518Be2d0aBCa0543838De5922B,2021-01-20 19:24:34 +0000 UTC,https://raw.githubusercontent.com/roll-assets/ethereum/main/assets/0x396df668b72f65518be2d0abca0543838de5922b/logo.png,confirmed,,0xdf65f4e6f2e9436bc1de1e00661c7108290e8bd3
GRID,GRID,4,10000000,100000000000,0x4A247E5575910Fe02D4F7c390d966d625E912354,2020-12-29 10:07:46 +0000 UTC,https://raw.githubusercontent.com/roll-assets/ethereum/main/assets/0x4a247e5575910fe02d4f7c390d966d625e912354/logo.png,confirmed,,0xdf65f4e6f2e9436bc1de1e00661c7108290e8bd3
Spike,SPIKE,4,10000000,100000000000,0xA95d7f91A235a2c893C34472d770Dfcc2913f537,2021-01-30 05:25:46 +0000 UTC,https://raw.githubusercontent.com/roll-assets/ethereum/main/assets/0xa95d7f91a235a2c893c34472d770dfcc2913f537/logo.png,confirmed,,0xdf65f4e6f2e9436bc1de1e00661c7108290e8bd3
Angels,TI,4,10000000,100000000000,0x1D39468c7269bfa90b3D7C5a3099543696a4D7c2,2021-01-20 23:18:49 +0000 UTC,https://raw.githubusercontent.com/roll-assets/ethereum/main/assets/0x1d39468c7269bfa90b3d7c5a3099543696a4d7c2/logo.png,confirmed,,0xdf65f4e6f2e9436bc1de1e00661c7108290e8bd3
@zfogg,ZFOGG,4,10000000,100000000000,0x86fec7097F8eDd93fa69383B0AB89C23c972dC00,2021-01-30 05:13:14 +0000 UTC,https://raw.githubusercontent.com/roll-assets/ethereum/main/assets/0x86fec7097f8edd93fa69383b0ab89c23c972dc00/logo.png,confirmed,,0xdf65f4e6f2e9436bc1de1e00661c7108290e8bd3
Hexagon,HXGN,4,10000000,100000000000,0x85a65e23105d1b3538ceB463eDFdFc3D9af179A8,2021-01-30 05:32:02 +0000 UTC,https://raw.githubusercontent.com/roll-assets/ethereum/main/assets/0x85a65e23105d1b3538ceb463edfdfc3d9af179a8/logo.png,confirmed,,0xdf65f4e6f2e9436bc1de1e00661c7108290e8bd3
Rosegold,RSGLD,4,10000000,100000000000,0xd16ae9c08f434690F39Fa4C39018fbdaddFB04bB,2021-01-21 02:16:23 +0000 UTC,https://raw.githubusercontent.com/roll-assets/ethereum/main/assets/0xd16ae9c08f434690f39fa4c39018fbdaddfb04bb/logo.png,confirmed,,0xdf65f4e6f2e9436bc1de1e00661c7108290e8bd3
Curt Coin,CURT,4,10000000,100000000000,0x0F142ED591B8196d5beddeEee401bdaA80815fba,2021-01-21 02:29:44 +0000 UTC,https://raw.githubusercontent.com/roll-assets/ethereum/main/assets/0x0f142ed591b8196d5beddeeee401bdaa80815fba/logo.png,confirmed,,0xdf65f4e6f2e9436bc1de1e00661c7108290e8bd3
LeftHouse,LEFT,4,10000000,100000000000,0x4804FB55e75BD1c32aB06CD053C5510c1b80Fd26,2021-01-21 03:47:53 +0000 UTC,https://raw.githubusercontent.com/roll-assets/ethereum/main/assets/0x4804fb55e75bd1c32ab06cd053c5510c1b80fd26/logo.png,confirmed,,0xdf65f4e6f2e9436bc1de1e00661c7108290e8bd3
Zardoz,ZARDOZ,4,10000000,100000000000,0x685Ed8c355D0B6A66c3ee43D5b328FC5578a8BD3,2021-01-23 03:01:57 +0000 UTC,https://raw.githubusercontent.com/roll-assets/ethereum/main/assets/0x685ed8c355d0b6a66c3ee43d5b328fc5578a8bd3/logo.png,confirmed,,0xdf65f4e6f2e9436bc1de1e00661c7108290e8bd3
Tommy Wilson,TOMS,4,10000000,100000000000,0xe69E4d3811B1210fEc9a0D5C959E988b5739ED53,2021-02-02 04:33:37 +0000 UTC,https://raw.githubusercontent.com/roll-assets/ethereum/main/assets/0xe69e4d3811b1210fec9a0d5c959e988b5739ed53/logo.png,confirmed,,0xdf65f4e6f2e9436bc1de1e00661c7108290e8bd3
Iverson Exchange,IVES,4,10000000,100000000000,0x6b2B0222EB31E5a631c14f9b575FB3425120bf5C,2021-01-30 05:04:15 +0000 UTC,https://raw.githubusercontent.com/roll-assets/ethereum/main/assets/0x6b2b0222eb31e5a631c14f9b575fb3425120bf5c/logo.png,confirmed,,0xdf65f4e6f2e9436bc1de1e00661c7108290e8bd3
Rentable,RENTA,4,10000000,100000000000,0x56863c1A6259146fC17FBdD4Fc4e8DEBB3ddcE54,2021-01-23 03:17:50 +0000 UTC,https://raw.githubusercontent.com/roll-assets/ethereum/main/assets/0x56863c1a6259146fc17fbdd4fc4e8debb3ddce54/logo.png,confirmed,,0xdf65f4e6f2e9436bc1de1e00661c7108290e8bd3
Produce,PROD,4,10000000,100000000000,0xAabe8aCFE00EA464FeccF94F3c118ED8160ebB7d,2021-01-30 05:19:18 +0000 UTC,https://raw.githubusercontent.com/roll-assets/ethereum/main/assets/0xaabe8acfe00ea464feccf94f3c118ed8160ebb7d/logo.png,confirmed,,0xdf65f4e6f2e9436bc1de1e00661c7108290e8bd3
NORMANCOMICS,NRMN,4,10000000,100000000000,0x4282456d6d24332758fca738f98c3bb0F04da215,2021-02-16 05:29:50 +0000 UTC,https://raw.githubusercontent.com/roll-assets/ethereum/main/assets/0x4282456d6d24332758fca738f98c3bb0f04da215/logo.png,confirmed,,0xdf65f4e6f2e9436bc1de1e00661c7108290e8bd3
Slaughtermelon,MELON,4,10000000,100000000000,0x2DB07f061f12f1Ef51C49B02Ad5A3EB71f60B69e,2021-02-02 04:50:51 +0000 UTC,https://raw.githubusercontent.com/roll-assets/ethereum/main/assets/0x2db07f061f12f1ef51c49b02ad5a3eb71f60b69e/logo.png,confirmed,,0xdf65f4e6f2e9436bc1de1e00661c7108290e8bd3
Decentralized Ernest Dift,ERNEST,4,10000000,100000000000,0x35206E1bCc4a4596dC9B4def1F1AeA2901144E30,2021-02-25 23:11:58 +0000 UTC,https://raw.githubusercontent.com/roll-assets/ethereum/main/assets/0x35206e1bcc4a4596dc9b4def1f1aea2901144e30/logo.png,confirmed,,0xdf65f4e6f2e9436bc1de1e00661c7108290e8bd3
eNeFTee,ENFTE,4,10000000,100000000000,0xAd27A16D8835D880D4C8C5c17a4b6Fd8AD1811A7,2021-02-02 05:00:20 +0000 UTC,https://raw.githubusercontent.com/roll-assets/ethereum/main/assets/0xad27a16d8835d880d4c8c5c17a4b6fd8ad1811a7/logo.png,confirmed,,0xdf65f4e6f2e9436bc1de1e00661c7108290e8bd3
SIGNAL,SIGNAL,4,10000000,100000000000,0xEA248eB6f33e0938a6E3F538dd813c948726b511,2021-02-02 05:16:06 +0000 UTC,https://raw.githubusercontent.com/roll-assets/ethereum/main/assets/0xea248eb6f33e0938a6e3f538dd813c948726b511/logo.png,confirmed,,0xdf65f4e6f2e9436bc1de1e00661c7108290e8bd3
DRIP,DRIP,4,10000000,100000000000,0x9EF48574Ff0Defc435c40b0d42974c616F3D84d4,2021-02-03 01:54:41 +0000 UTC,https://raw.githubusercontent.com/roll-assets/ethereum/main/assets/0x9ef48574ff0defc435c40b0d42974c616f3d84d4/logo.png,confirmed,,0xdf65f4e6f2e9436bc1de1e00661c7108290e8bd3
Metanoia,MTNA,4,10000000,100000000000,0x17BE67f7cFbCe9F2b67862cD2A35081fC983C527,2021-02-25 23:16:51 +0000 UTC,https://raw.githubusercontent.com/roll-assets/ethereum/main/assets/0x17be67f7cfbce9f2b67862cd2a35081fc983c527/logo.png,confirmed,,0xdf65f4e6f2e9436bc1de1e00661c7108290e8bd3
Criptoflow,AGUA,4,10000000,100000000000,0xCC475b949A1236b6E9155F0752aEf4B3e6040D75,2021-02-25 23:22:55 +0000 UTC,https://raw.githubusercontent.com/roll-assets/ethereum/main/assets/0xcc475b949a1236b6e9155f0752aef4b3e6040d75/logo.png,confirmed,,0xdf65f4e6f2e9436bc1de1e00661c7108290e8bd3
Hearts,HRTS,4,10000000,100000000000,0xb65722e0fbD75aAF5Be39022510Ed9b018FC1FaC,2021-02-25 23:19:50 +0000 UTC,https://raw.githubusercontent.com/roll-assets/ethereum/main/assets/0xb65722e0fbd75aaf5be39022510ed9b018fc1fac/logo.png,confirmed,,0xdf65f4e6f2e9436bc1de1e00661c7108290e8bd3
POWER,POWER,4,10000000,100000000000,0x3aFa7e817966995e7D155933ECeba9142746d750,2021-02-07 23:29:56 +0000 UTC,https://raw.githubusercontent.com/roll-assets/ethereum/main/assets/0x3afa7e817966995e7d155933eceba9142746d750/logo.png,confirmed,,0xdf65f4e6f2e9436bc1de1e00661c7108290e8bd3
MAGE,MAGE,4,10000000,100000000000,0x171CAf89e0279aAa4CA1650eF3484C27C1f65586,2021-02-25 23:25:23 +0000 UTC,https://raw.githubusercontent.com/roll-assets/ethereum/main/assets/0x171caf89e0279aaa4ca1650ef3484c27c1f65586/logo.png,confirmed,,0xdf65f4e6f2e9436bc1de1e00661c7108290e8bd3
PUNM,PUNM,4,10000000,100000000000,0xF20B76e580406687dC4556cBdB3f794d7efF295e,2021-02-25 23:34:26 +0000 UTC,https://raw.githubusercontent.com/roll-assets/ethereum/main/assets/0xf20b76e580406687dc4556cbdb3f794d7eff295e/logo.png,confirmed,,0xdf65f4e6f2e9436bc1de1e00661c7108290e8bd3
BRIX,BRIX,4,10000000,100000000000,0xecFB83AeFf7601f22e605C7DBe228438C04b4376,2021-02-25 23:27:15 +0000 UTC,https://raw.githubusercontent.com/roll-assets/ethereum/main/assets/0xecfb83aeff7601f22e605c7dbe228438c04b4376/logo.png,confirmed,,0xdf65f4e6f2e9436bc1de1e00661c7108290e8bd3
MIYAVI,MIYAVI,4,10000000,100000000000,0x99058FF4841443c3A42D49C5e4B909004CcfdBcB,2021-02-26 02:35:32 +0000 UTC,https://raw.githubusercontent.com/roll-assets/ethereum/main/assets/0x99058ff4841443c3a42d49c5e4b909004ccfdbcb/logo.png,confirmed,,0xdf65f4e6f2e9436bc1de1e00661c7108290e8bd3
Call Me Karizma,RIZ,4,10000000,100000000000,0x427223Bd58A948Da335B0A95d508569824bC715B,2021-02-25 23:31:09 +0000 UTC,https://raw.githubusercontent.com/roll-assets/ethereum/main/assets/0x427223bd58a948da335b0a95d508569824bc715b/logo.png,confirmed,,0xdf65f4e6f2e9436bc1de1e00661c7108290e8bd3
Coin of Jake,JAKE,4,10000000,100000000000,0xF3b3BA0607C1e7e3Af626894367eA124cf4ad849,2021-02-16 06:08:14 +0000 UTC,https://raw.githubusercontent.com/roll-assets/ethereum/main/assets/0xf3b3ba0607c1e7e3af626894367ea124cf4ad849/logo.png,confirmed,,0xdf65f4e6f2e9436bc1de1e00661c7108290e8bd3
SANDWICH,SNDWCH,4,10000000,100000000000,0x547Dd0DC34f446d91Fb5E270cBDf4198cCa30bC6,2021-02-16 05:08:57 +0000 UTC,https://raw.githubusercontent.com/roll-assets/ethereum/main/assets/0x547dd0dc34f446d91fb5e270cbdf4198cca30bc6/logo.png,confirmed,,0xdf65f4e6f2e9436bc1de1e00661c7108290e8bd3
Null,NULL,4,10000000,100000000000,0x902E3ED20e1117526526454542Fcced2756A04b0,2021-02-25 23:37:02 +0000 UTC,https://raw.githubusercontent.com/roll-assets/ethereum/main/assets/0x902e3ed20e1117526526454542fcced2756a04b0/logo.png,confirmed,,0xdf65f4e6f2e9436bc1de1e00661c7108290e8bd3
NIKO,NIKO,4,10000000,100000000000,0xCa9ef148528273dD1F359036a609625536539c17,2021-02-16 06:13:22 +0000 UTC,https://raw.githubusercontent.com/roll-assets/ethereum/main/assets/0xca9ef148528273dd1f359036a609625536539c17/logo.png,confirmed,,0xdf65f4e6f2e9436bc1de1e00661c7108290e8bd3
snax,SNAX,4,10000000,100000000000,0x1D2DAC9a2582E35463C12Cd5FDf175AFc7BB4F3A,2021-02-16 06:02:40 +0000 UTC,https://raw.githubusercontent.com/roll-assets/ethereum/main/assets/0x1d2dac9a2582e35463c12cd5fdf175afc7bb4f3a/logo.png,confirmed,,0xdf65f4e6f2e9436bc1de1e00661c7108290e8bd3
Intro To Music Theory,IMT,4,10000000,100000000000,0xCfb686D306517921D7aa559b072De0f25FB80EcF,2021-02-26 00:29:13 +0000 UTC,https://raw.githubusercontent.com/roll-assets/ethereum/main/assets/0xcfb686d306517921d7aa559b072de0f25fb80ecf/logo.png,confirmed,,0xdf65f4e6f2e9436bc1de1e00661c7108290e8bd3
LUSHKILLS,LK,4,10000000,100000000000,0xcD3Ea438244EaF9a54c2c11cEe0F6E0FFA3aA44b,2021-02-26 02:38:35 +0000 UTC,https://raw.githubusercontent.com/roll-assets/ethereum/main/assets/0xcd3ea438244eaf9a54c2c11cee0f6e0ffa3aa44b/logo.png,confirmed,,0xdf65f4e6f2e9436bc1de1e00661c7108290e8bd3
Vakseen,VKSN,4,10000000,100000000000,0x1aD31578e6E352f2A01f5ED5810d51DA9CCEF9FC,2021-02-26 02:41:01 +0000 UTC,https://raw.githubusercontent.com/roll-assets/ethereum/main/assets/0x1ad31578e6e352f2a01f5ed5810d51da9ccef9fc/logo.png,confirmed,,0xdf65f4e6f2e9436bc1de1e00661c7108290e8bd3
GREY,GREY,4,10000000,100000000000,0xFAD44249C2cd1F661BAc5f97C2Ff9f625ce27197,2021-02-26 00:53:53 +0000 UTC,https://raw.githubusercontent.com/roll-assets/ethereum/main/assets/0xfad44249c2cd1f661bac5f97c2ff9f625ce27197/logo.png,confirmed,,0xdf65f4e6f2e9436bc1de1e00661c7108290e8bd3
POORBUCKS,PRBS,4,10000000,100000000000,0x41903AdceB543edeB573Af9baBe1e57412546A2f,2021-02-26 04:50:44 +0000 UTC,https://raw.githubusercontent.com/roll-assets/ethereum/main/assets/0x41903adceb543edeb573af9babe1e57412546a2f/logo.png,confirmed,,0xdf65f4e6f2e9436bc1de1e00661c7108290e8bd3
Housepit,HPIT,4,10000000,100000000000,0xab3218c72f73D640bA1452a8ab867C5ABF9cB23A,2021-03-09 05:36:53 +0000 UTC,https://raw.githubusercontent.com/roll-assets/ethereum/main/assets/0xab3218c72f73d640ba1452a8ab867c5abf9cb23a/logo.png,confirmed,,0xdf65f4e6f2e9436bc1de1e00661c7108290e8bd3
GENRE,GENRE,4,10000000,100000000000,0xA392c35EC6900346aDEc720Abe50413F48Ee5143,2021-03-05 05:01:38 +0000 UTC,https://raw.githubusercontent.com/roll-assets/ethereum/main/assets/0xa392c35ec6900346adec720abe50413f48ee5143/logo.png,confirmed,,0xdf65f4e6f2e9436bc1de1e00661c7108290e8bd3
Droyd,DROYD,4,10000000,100000000000,0xa47aDfa63329d038468C4871968f6223A99990DE,2021-03-09 05:55:00 +0000 UTC,https://raw.githubusercontent.com/roll-assets/ethereum/main/assets/0xa47adfa63329d038468c4871968f6223a99990de/logo.png,confirmed,,0xdf65f4e6f2e9436bc1de1e00661c7108290e8bd3
Ampled,AMPLED,4,10000000,100000000000,0x9C21a247d55A140e9b33C094467392205843e491,2021-03-09 06:02:56 +0000 UTC,https://raw.githubusercontent.com/roll-assets/ethereum/main/assets/0x9c21a247d55a140e9b33c094467392205843e491/logo.png,confirmed,,0xdf65f4e6f2e9436bc1de1e00661c7108290e8bd3
AZEEM,AZEEM,18,10000000,10000000000000000000000000,0x375F119f258Cf858248C0f79Dba781c0A2B32829,2022-05-25 05:00:11 +0000 UTC,https://raw.githubusercontent.com/roll-assets/ethereum/main/assets/0x375f119f258cf858248c0f79dba781c0a2b32829/logo.png,confirmed,0x42DE5326E56e617b31c16B5CFeB024187A37C453,0xa0ef35e8ddffdd5c7fcc2e3faa364c792e32abc5
SKEM,SKEM,18,10000000,10000000000000000000000000,0xb0A8459CA9F645579f0e43f1A891E5954816227f,2022-01-09 06:05:02 +0000 UTC,https://raw.githubusercontent.com/roll-assets/ethereum/main/assets/0xb0a8459ca9f645579f0e43f1a891e5954816227f/logo.png,confirmed,0x4e163893741f3C04ec0Ce5eA2e88b39C99a6a839,0xa0ef35e8ddffdd5c7fcc2e3faa364c792e32abc5
Achetez de l'Art,ADLA,18,10000000,10000000000000000000000000,0xAAb2B2065989a81E9a5c56B70a4B90A753b9695e,2022-01-24 05:44:35 +0000 UTC,https://raw.githubusercontent.com/roll-assets/ethereum/main/assets/0xaab2b2065989a81e9a5c56b70a4b90a753b9695e/logo.png,confirmed,0x6FEfB3722f5d8af14FCF8588A7dA526232Ca8eF8,0xa0ef35e8ddffdd5c7fcc2e3faa364c792e32abc5
TOBI,TOBI,18,10000000,10000000000000000000000000,0x32066bc42b8CF844baCDD3F7479a90498baa9768,2022-02-28 15:42:30 +0000 UTC,https://raw.githubusercontent.com/roll-assets/ethereum/main/assets/0x32066bc42b8cf844bacdd3f7479a90498baa9768/logo.png,confirmed,0x0dF0CCb49cF60F5E1AA6f9226f492d8Eff4CC64A,0xa0ef35e8ddffdd5c7fcc2e3faa364c792e32abc5
Kid Sovereign,SVRN,18,10000000,10000000000000000000000000,0x72167Daf1c6A699C09741dF33935b585f1cbA8B8,2022-03-01 05:08:53 +0000 UTC,https://raw.githubusercontent.com/roll-assets/ethereum/main/assets/0x72167daf1c6a699c09741df33935b585f1cba8b8/logo.png,confirmed,0x39B06c247def450AcC423cB22cbDB58aa202CCF7,0xa0ef35e8ddffdd5c7fcc2e3faa364c792e32abc5
PolCoin,POL,18,10000000,10000000000000000000000000,0x2aF2b1e07fE6734302b92ba7B6989F8741f5081b,2022-05-25 04:46:24 +0000 UTC,https://raw.githubusercontent.com/roll-assets/ethereum/main/assets/0x2af2b1e07fe6734302b92ba7b6989f8741f5081b/logo.png,confirmed,0xa6C63978867A113d955B5996C2BeA972cf063B12,0xa0ef35e8ddffdd5c7fcc2e3faa364c792e32abc5
MAVVY,MAVVY,18,10000000,10000000000000000000000000,0x53Cf6C626bA3Ec3a0d2bC22a10BBf8CAc9def02d,2021-10-13 15:31:09 +0000 UTC,https://raw.githubusercontent.com/roll-assets/ethereum/main/assets/0x53cf6c626ba3ec3a0d2bc22a10bbf8cac9def02d/logo.png,confirmed,0xb8C6Fe946d56EB2C25c3abB3783df9A63E191Df8,0xa0ef35e8ddffdd5c7fcc2e3faa364c792e32abc5
Velarde,VEL,18,10000000,10000000000000000000000000,0x466e45713936070bC95b3AC60246B3B0774F40C9,2021-12-27 05:27:12 +0000 UTC,https://raw.githubusercontent.com/roll-assets/ethereum/main/assets/0x466e45713936070bc95b3ac60246b3b0774f40c9/logo.png,confirmed,0xd6dfc7D1C209aac4def8A961f4A1CC9c43472787,0xa0ef35e8ddffdd5c7fcc2e3faa364c792e32abc5
BELY,BELY,18,10000000,10000000000000000000000000,0xFa671c8087b8D1b2a3A95851128D507C4ca7D166,2022-03-07 04:59:33 +0000 UTC,https://raw.githubusercontent.com/roll-assets/ethereum/main/assets/0xfa671c8087b8d1b2a3a95851128d507c4ca7d166/logo.png,confirmed,0x89423eC2C46Cf140B7C2e8Df5E5E730867629788,0xa0ef35e8ddffdd5c7fcc2e3faa364c792e32abc5
Sri Kala,SRI,18,10000000,10000000000000000000000000,0x951D1C0102aF66FB4FEdaB663d1744eEe517c14E,2022-05-25 05:04:39 +0000 UTC,https://raw.githubusercontent.com/roll-assets/ethereum/main/assets/0x951d1c0102af66fb4fedab663d1744eee517c14e/logo.png,confirmed,0x7f57B93C66693E1b26AD30A83f829Adba100927c,0xa0ef35e8ddffdd5c7fcc2e3faa364c792e32abc5
Noodles,NOOD,18,10000000,10000000000000000000000000,0x0b0d10ed33Eb870E39c21b361843D6aA55604833,2022-01-09 07:55:11 +0000 UTC,https://raw.githubusercontent.com/roll-assets/ethereum/main/assets/0x0b0d10ed33eb870e39c21b361843d6aa55604833/logo.png,confirmed,0x54Df2aA0616127786442eFfb24C65B08808Bdef5,0xa0ef35e8ddffdd5c7fcc2e3faa364c792e32abc5
Open Doors Entertainment,ODEN,18,10000000,10000000000000000000000000,0x9f11410857C8f834dDba961EF946f55AF345e7f0,2021-11-04 00:17:44 +0000 UTC,https://raw.githubusercontent.com/roll-assets/ethereum/main/assets/0x9f11410857c8f834ddba961ef946f55af345e7f0/logo.png,confirmed,0x2b140E8F0c215108D0a6424518d65E826780D6Ac,0xa0ef35e8ddffdd5c7fcc2e3faa364c792e32abc5
MAGZ,MAGZ,18,10000000,10000000000000000000000000,0x5D65BD21536B7532E008CA6847842b280fD93a82,2021-11-21 03:28:48 +0000 UTC,https://raw.githubusercontent.com/roll-assets/ethereum/main/assets/0x5d65bd21536b7532e008ca6847842b280fd93a82/logo.png,confirmed,0x910E41eCe48C9eb14c74670A9Dd3Ce0842B3bAaa,0xa0ef35e8ddffdd5c7fcc2e3faa364c792e32abc5
VEGANADALU,DALU,18,10000000,10000000000000000000000000,0x778890AB0d360DBF80Ea55d5DD27798C8be265Cb,2022-12-12 05:51:23 +0000 UTC,https://raw.githubusercontent.com/roll-assets/ethereum/main/assets/0x778890ab0d360dbf80ea55d5dd27798c8be265cb/logo.png,confirmed,0x53C44f1ED6a90ba6221aB7Fa168aA4BA55527d71,0xa0ef35e8ddffdd5c7fcc2e3faa364c792e32abc5
Barn,BARN,18,10000000,10000000000000000000000000,0xE97aD11aF938b3aa5c2Aa3e8958b2a11C80a5867,2021-11-29 04:11:29 +0000 UTC,https://raw.githubusercontent.com/roll-assets/ethereum/main/assets/0xe97ad11af938b3aa5c2aa3e8958b2a11c80a5867/logo.png,confirmed,0xD75defBeB1DdbF2CE19c45ABDF40CF4E70b209C8,0xa0ef35e8ddffdd5c7fcc2e3faa364c792e32abc5
Blue Bucks,BLUBUX,18,10000000,10000000000000000000000000,0xdf40a3b60bac37c061652eb12aa8698eef62cce9,2021-10-06 21:27:32 +0000 UTC,https://raw.githubusercontent.com/roll-assets/ethereum/main/assets/0xdf40a3b60bac37c061652eb12aa8698eef62cce9/logo.png,proposed/rejected,0x155BA97076A654B09D1A08D2BE93427e4b2a80A7,0xa0ef35e8ddffdd5c7fcc2e3faa364c792e32abc5
Performante Community Coin,PCC,18,10000000,10000000000000000000000000,0xDB7F019782D9f59947741a6DDc1Ea8501993C60A,2021-12-27 06:26:33 +0000 UTC,https://raw.githubusercontent.com/roll-assets/ethereum/main/assets/0xdb7f019782d9f59947741a6ddc1ea8501993c60a/logo.png,confirmed,0xC296c6d7328C18F451B718b499020AE7babB1f3D,0xa0ef35e8ddffdd5c7fcc2e3faa364c792e32abc5
Tide,TIDE,18,10000000,10000000000000000000000000,0x6da447a8992eC6580f398C5BAAf5fc5d30ddD08F,2021-11-29 04:14:32 +0000 UTC,https://raw.githubusercontent.com/roll-assets/ethereum/main/assets/0x6da447a8992ec6580f398c5baaf5fc5d30ddd08f/logo.png,confirmed,0x92569DA7D87f44B8A60f10e028552417442a110b,0xa0ef35e8ddffdd5c7fcc2e3faa364c792e32abc5
Les Collectionneurs,PINS,18,10000000,10000000000000000000000000,0xf4922496163E8176CeD096ED80c67ca8ea2168D6,2021-11-03 20:52:00 +0000 UTC,https://raw.githubusercontent.com/roll-assets/ethereum/main/assets/0xf4922496163e8176ced096ed80c67ca8ea2168d6/logo.png,confirmed,0x55E38710cBBD5BC2B14A23e4c2911117a7D8BebA,0xa0ef35e8ddffdd5c7fcc2e3faa364c792e32abc5
DEXT,DEXT,18,10000000,10000000000000000000000000,0xd89E5371571fe9cb6F8a08ce67f79DC53aFceBD4,2021-11-21 03:25:18 +0000 UTC,https://raw.githubusercontent.com/roll-assets/ethereum/main/assets/0xd89e5371571fe9cb6f8a08ce67f79dc53afcebd4/logo.png,confirmed,0x52F613722De23E748A244Bf6907a4efC368Eed82,0xa0ef35e8ddffdd5c7fcc2e3faa364c792e32abc5
APRIL,APRIL,18,10000000,10000000000000000000000000,0xB4b69646aBb1b22aFA579a2E787F29501801Ac35,2021-11-21 03:21:15 +0000 UTC,https://raw.githubusercontent.com/roll-assets/ethereum/main/assets/0xb4b69646abb1b22afa579a2e787f29501801ac35/logo.png,confirmed,0x6F7C0Bc3171697eFA660f448868A957EA9c4bdf6,0xa0ef35e8ddffdd5c7fcc2e3faa364c792e32abc5
ARKES,ARKES,18,10000000,10000000000000000000000000,0x675272430316A2eDC8636665EE6d86c027d6F6f7,2021-11-10 03:08:08 +0000 UTC,https://raw.githubusercontent.com/roll-assets/ethereum/main/assets/0x675272430316a2edc8636665ee6d86c027d6f6f7/logo.png,confirmed,0x34e74d124B1DDff7b4Eded289D2194D9F0355818,0xa0ef35e8ddffdd5c7fcc2e3faa364c792e32abc5
Vault Empowers,VAULT,18,10000000,10000000000000000000000000,0xf5ebA05843F9b416524f24b6758d066d0C8eeaeE,2021-11-10 17:21:25 +0000 UTC,https://raw.githubusercontent.com/roll-assets/ethereum/main/assets/0xf5eba05843f9b416524f24b6758d066d0c8eeaee/logo.png,confirmed,0x45dD1E99C48d9C302AFB7fCCBAc4f6732CB894F1,0xa0ef35e8ddffdd5c7fcc2e3faa364c792e32abc5
OBEY,OBEY,18,10000000,10000000000000000000000000,0xa7C098E26cbd9aAA515dF140d7020fB46a98be37,2021-11-10 17:24:51 +0000 UTC,https://raw.githubusercontent.com/roll-assets/ethereum/main/assets/0xa7c098e26cbd9aaa515df140d7020fb46a98be37/logo.png,confirmed,0x75261eE9D2d7817A135d54376f0761Ce0Be81c36,0xa0ef35e8ddffdd5c7fcc2e3faa364c792e32abc5
Clmbxr,CLMBXR,18,10000000,10000000000000000000000000,0xDB3773Eb8557B7cCcE51E0198fcB8F4Fa8B2E1ba,2021-11-21 03:08:30 +0000 UTC,https://raw.githubusercontent.com/roll-assets/ethereum/main/assets/0xdb3773eb8557b7ccce51e0198fcb8f4fa8b2e1ba/logo.png,confirmed,0x9c31956b5525c9345588B5492CC73c2FDE380D9A,0xa0ef35e8ddffdd5c7fcc2e3faa364c792e32abc5
Passion To The People,PTTP,18,10000000,10000000000000000000000000,0x72D597A935c87118836c5855200fAd48604f605a,2021-12-06 05:56:26 +0000 UTC,https://raw.githubusercontent.com/roll-assets/ethereum/main/assets/0x72d597a935c87118836c5855200fad48604f605a/logo.png,proposed/rejected,0x9AF08b622067500acd138D4686F76bcE3E62F2c5,0xa0ef35e8ddffdd5c7fcc2e3faa364c792e32abc5
MIMESIS,MIMSIS,18,10000000,10000000000000000000000000,0x502E7E56c78438C67596F55b0302b00FF1a2ca35,2021-11-15 06:34:53 +0000 UTC,https://raw.githubusercontent.com/roll-assets/ethereum/main/assets/0x502e7e56c78438c67596f55b0302b00ff1a2ca35/logo.png,confirmed,0x000000000000000000000000000000000000000C,0xa0ef35e8ddffdd5c7fcc2e3faa364c792e32abc5
Startups Stories,SST,18,10000000,10000000000000000000000000,0xc5059db6F34440794689fC5DDD9614935a3820d3,2021-11-21 03:32:56 +0000 UTC,https://raw.githubusercontent.com/roll-assets/ethereum/main/assets/0xc5059db6f34440794689fc5ddd9614935a3820d3/logo.png,confirmed,0xCA08AEA5C21704c3135EF2787E8806b9BD687C19,0xa0ef35e8ddffdd5c7fcc2e3faa364c792e32abc5
RicTok,RICTOK,18,10000000,10000000000000000000000000,0xBca0C47176133305EE7BEBc582ccEC748EC6492e,2021-11-21 03:35:17 +0000 UTC,https://raw.githubusercontent.com/roll-assets/ethereum/main/assets/0xbca0c47176133305ee7bebc582ccec748ec6492e/logo.png,confirmed,0x000000000000000000000000000000000000000C,0xa0ef35e8ddffdd5c7fcc2e3faa364c792e32abc5
OD Club,ODC,18,10000000,10000000000000000000000000,0x0B86Ebbd1DE0cC6013d38d534119db0ba9eb968A,2021-12-06 06:00:12 +0000 UTC,https://raw.githubusercontent.com/roll-assets/ethereum/main/assets/0x0b86ebbd1de0cc6013d38d534119db0ba9eb968a/logo.png,confirmed,0x5F1E473A140f31Fa23a18588F9c7b3918daF9590,0xa0ef35e8ddffdd5c7fcc2e3faa364c792e32abc5
AndjelaNadja,AIN,18,10000000,10000000000000000000000000,0x8BDfaE0F83a03F5fa98B0bDf339F56df3C9F8BD5,2021-12-09 05:10:44 +0000 UTC,https://raw.githubusercontent.com/roll-assets/ethereum/main/assets/0x8bdfae0f83a03f5fa98b0bdf339f56df3c9f8bd5/logo.png,confirmed,0xfB4409edE9451F61F285293cA926aFe6627090ad,0xa0ef35e8ddffdd5c7fcc2e3faa364c792e32abc5
TAPTAP,TAPTAP,18,10000000,10000000000000000000000000,0x5068152443622FA04DeaE64fCF6ca6e1896928Ff,2021-12-27 06:22:07 +0000 UTC,https://raw.githubusercontent.com/roll-assets/ethereum/main/assets/0x5068152443622fa04deae64fcf6ca6e1896928ff/logo.png,confirmed,0x5a1E2CbD038cF4cFc7165D3B7d59B9d4AaE541E9,0xa0ef35e8ddffdd5c7fcc2e3faa364c792e32abc5
FutureFolio,FUTR,18,10000000,10000000000000000000000000,0x2FA00D6F57F058bF28dCe76C81B8a89be350E7dc,2021-12-20 01:38:37 +0000 UTC,https://raw.githubusercontent.com/roll-assets/ethereum/main/assets/0x2fa00d6f57f058bf28dce76c81b8a89be350e7dc/logo.png,confirmed,0xd02086c84a70A036dB726cda4cd3845aBef8C4B8,0xa0ef35e8ddffdd5c7fcc2e3faa364c792e32abc5
Lucid,LUCID,18,10000000,10000000000000000000000000,0x71aF547916F8b773E611030958a061E33167aDfb,2021-12-20 01:45:02 +0000 UTC,https://raw.githubusercontent.com/roll-assets/ethereum/main/assets/0x71af547916f8b773e611030958a061e33167adfb/logo.png,confirmed,0xcb25Df5B070F19CDE3432e0BB8E3055019aDcf59,0xa0ef35e8ddffdd5c7fcc2e3faa364c792e32abc5
ASKNIGHTS,ARTK,18,10000000,10000000000000000000000000,0x4795e45e2cCAcCb8e79C5845c10f919B6463fA69,2021-12-27 07:04:43 +0000 UTC,https://raw.githubusercontent.com/roll-assets/ethereum/main/assets/0x4795e45e2ccaccb8e79c5845c10f919b6463fa69/logo.png,confirmed,0x8d940863826Dcf85af017CcAc4094a3B0999E629,0xa0ef35e8ddffdd5c7fcc2e3faa364c792e32abc5
Groovypedia,GROOVY,18,10000000,10000000000000000000000000,0x629C442147390CC54f30f40b158115Ce439C0A06,2022-01-09 07:48:56 +0000 UTC,https://raw.githubusercontent.com/roll-assets/ethereum/main/assets/0x629c442147390cc54f30f40b158115ce439c0a06/logo.png,confirmed,0x513eEC6EEd6037D933A0Af42c1872C9faEf22089,0xa0ef35e8ddffdd5c7fcc2e3faa364c792e32abc5
CROSS,CROSS,18,10000000,10000000000000000000000000,0x03f377fb5a64de4ef95d96944e188b9c65449968,2022-01-09 08:45:28 +0000 UTC,https://raw.githubusercontent.com/roll-assets/ethereum/main/assets/0x03f377fb5a64de4ef95d96944e188b9c65449968/logo.png,confirmed,0x4AE216C296a0322A2f12a3C5579FC925f3C1ee2e,0xa0ef35e8ddffdd5c7fcc2e3faa364c792e32abc5
Insight DeFi,INFI,18,10000000,10000000000000000000000000,0xE6d49B80705100542399BbEb6c23543f2342F295,2022-01-18 06:43:48 +0000 UTC,https://raw.githubusercontent.com/roll-assets/ethereum/main/assets/0xe6d49b80705100542399bbeb6c23543f2342f295/logo.png,confirmed,0x3F507b60A67Bee5130bb5C366b72269008340391,0xa0ef35e8ddffdd5c7fcc2e3faa364c792e32abc5
Dropout,DRPT,18,10000000,10000000000000000000000000,0xA813c0644f1422D3006e0A1b3B6cDDb32dcEEdEb,2022-01-18 06:46:25 +0000 UTC,https://raw.githubusercontent.com/roll-assets/ethereum/main/assets/0xa813c0644f1422d3006e0a1b3b6cddb32dceedeb/logo.png,confirmed,0x5FC8717E9508DE6b125807153E02500476519688,0xa0ef35e8ddffdd5c7fcc2e3faa364c792e32abc5
Dollie Dolla,DOLLIE,18,10000000,10000000000000000000000000,0x4b8d09539087AFd88BaBF76380814a0806Fb7987,2022-01-24 05:41:43 +0000 UTC,https://raw.githubusercontent.com/roll-assets/ethereum/main/assets/0x4b8d09539087afd88babf76380814a0806fb7987/logo.png,confirmed,0x9382B2Eb41F0c0C094061e1D7ab3aaa5FF9a981C,0xa0ef35e8ddffdd5c7fcc2e3faa364c792e32abc5
Dresage,DRESG,18,10000000,10000000000000000000000000,0xf72eE5123Feb0080a81bD3Ab8b109dC63eB37618,2022-01-24 05:49:09 +0000 UTC,https://raw.githubusercontent.com/roll-assets/ethereum/main/assets/0xf72ee5123feb0080a81bd3ab8b109dc63eb37618/logo.png,confirmed,0xC3203b43EE1564BA6C8c183a78396c6757431845,0xa0ef35e8ddffdd5c7fcc2e3faa364c792e32abc5
The COA,COA,18,10000000,10000000000000000000000000,0x0135E00cA4Bf506B97F2561fEe11dc2C2f0D9B84,2022-01-31 07:15:53 +0000 UTC,https://raw.githubusercontent.com/roll-assets/ethereum/main/assets/0x0135e00ca4bf506b97f2561fee11dc2c2f0d9b84/logo.png,confirmed,0xaf48bDe790fC2027D5A753f29ACeD9b8F698FC80,0xa0ef35e8ddffdd5c7fcc2e3faa364c792e32abc5
Maize,MAIZE,18,10000000,10000000000000000000000000,0x75547610FbaE47d6E8932F9d5dE0e82D4C34d1e2,2022-01-31 07:28:12 +0000 UTC,https://raw.githubusercontent.com/roll-assets/ethereum/main/assets/0x75547610fbae47d6e8932f9d5de0e82d4c34d1e2/logo.png,confirmed,0xAbd31D1FD8689e45c4D95Fd0403d9099C5E14697,0xa0ef35e8ddffdd5c7fcc2e3faa364c792e32abc5
XTINA,XTINA,18,10000000,10000000000000000000000000,0xBaCAE1520f07427F6bD2C44D0A857CBe1e1b4D11,2022-02-10 09:12:47 +0000 UTC,https://raw.githubusercontent.com/roll-assets/ethereum/main/assets/0xbacae1520f07427f6bd2c44d0a857cbe1e1b4d11/logo.png,confirmed,0x57d2e6B4BB8A53F1851ce328B3EE95c9c4aEbCA3,0xa0ef35e8ddffdd5c7fcc2e3faa364c792e32abc5
Blues VIP Club ,BVIP,18,10000000,10000000000000000000000000,0x05D1582e6853edbF7D513FE40043850EE0B7a5b0,2022-02-10 10:12:46 +0000 UTC,https://raw.githubusercontent.com/roll-assets/ethereum/main/assets/0x05d1582e6853edbf7d513fe40043850ee0b7a5b0/logo.png,confirmed,0xAafB8633b222CF731AfFBCd2d71b073dF796C8Cf,0xa0ef35e8ddffdd5c7fcc2e3faa364c792e32abc5
SOMOS,SOMOS,18,10000000,10000000000000000000000000,0x61081088895EccF44BF566653CD10D7aB7f46D3a,2022-04-20 04:06:11 +0000 UTC,https://raw.githubusercontent.com/roll-assets/ethereum/main/assets/0x61081088895eccf44bf566653cd10d7ab7f46d3a/logo.png,confirmed,0x537b516C5f03433e286442757F6a5cf4F7465858,0xa0ef35e8ddffdd5c7fcc2e3faa364c792e32abc5
Central Infinite,CENI,18,10000000,10000000000000000000000000,0xa4Ff1bfA01d4Bb13f24Cc026BEE40119Baf8fe1C,2022-02-10 10:07:19 +0000 UTC,https://raw.githubusercontent.com/roll-assets/ethereum/main/assets/0xa4ff1bfa01d4bb13f24cc026bee40119baf8fe1c/logo.png,confirmed,0xF3b7F6d7BB8462382C7FeA114aB8ad5bAC9760f4,0xa0ef35e8ddffdd5c7fcc2e3faa364c792e32abc5
DEITY,DEITY,18,10000000,10000000000000000000000000,0x783FF910Ff99CBC53D0b161161Dbe5C9f2a2dc23,2022-03-01 05:12:01 +0000 UTC,https://raw.githubusercontent.com/roll-assets/ethereum/main/assets/0x783ff910ff99cbc53d0b161161dbe5c9f2a2dc23/logo.png,confirmed,0xef8F5fE4b8e93DA37bA5bB16874FA110DB6E1eeC,0xa0ef35e8ddffdd5c7fcc2e3faa364c792e32abc5
YOYO,YOYO,18,10000000,10000000000000000000000000,0x419F0b136F0E343B221c555a804aB01a1fD835De,2022-03-01 05:14:33 +0000 UTC,https://raw.githubusercontent.com/roll-assets/ethereum/main/assets/0x419f0b136f0e343b221c555a804ab01a1fd835de/logo.png,confirmed,0xC3A7D78979e90Ceee9feF7d1F985508E8B074261,0xa0ef35e8ddffdd5c7fcc2e3faa364c792e32abc5
MED,MED,18,10000000,10000000000000000000000000,0x4aCAd408C39c6d9ed1233e6aE38C86f1BE2670AB,2022-03-21 04:32:02 +0000 UTC,https://raw.githubusercontent.com/roll-assets/ethereum/main/assets/0x4acad408c39c6d9ed1233e6ae38c86f1be2670ab/logo.png,confirmed,0xC088BedAC65215e18b7bEFB56D97e00DA17dA3B1,0xa0ef35e8ddffdd5c7fcc2e3faa364c792e32abc5
Comme Ca,CMCA,18,10000000,10000000000000000000000000,0x45175CC1F8c4A2072Ad7ed5AC704cabe2e8238f1,2022-03-21 04:35:59 +0000 UTC,https://raw.githubusercontent.com/roll-assets/ethereum/main/assets/0x45175cc1f8c4a2072ad7ed5ac704cabe2e8238f1/logo.png,confirmed,0xED8fF98711cd2c731D720bebE6a98315a862f34F,0xa0ef35e8ddffdd5c7fcc2e3faa364c792e32abc5
BEX,BEX,18,10000000,10000000000000000000000000,0x565C5EaC156b79Cc2E7f20FC0f388312F3B52808,2022-03-21 04:42:48 +0000 UTC,https://raw.githubusercontent.com/roll-assets/ethereum/main/assets/0x565c5eac156b79cc2e7f20fc0f388312f3b52808/logo.png,confirmed,0x3BBe417b79417BA69F12D860E7E246c3528f5EEC,0xa0ef35e8ddffdd5c7fcc2e3faa364c792e32abc5
WEAVR,WEAVR,18,10000000,10000000000000000000000000,0xaafC3d03F28Ce2559300afa49EE4918D85831895,2022-08-01 07:38:41 +0000 UTC,https://raw.githubusercontent.com/roll-assets/ethereum/main/assets/0xaafc3d03f28ce2559300afa49ee4918d85831895/logo.png,confirmed,0xeF1De29894478F431d03da50Ae80487157AD5599,0xa0ef35e8ddffdd5c7fcc2e3faa364c792e32abc5
DECO,DECO,18,10000000,10000000000000000000000000,0x3B1f8CA43e04Abf5B867dBEF273B0CE1541AB0BD,2022-04-03 05:50:31 +0000 UTC,https://raw.githubusercontent.com/roll-assets/ethereum/main/assets/0x3b1f8ca43e04abf5b867dbef273b0ce1541ab0bd/logo.png,confirmed,0x5646c89CF060a2c93e70792B25244A540864288f,0xa0ef35e8ddffdd5c7fcc2e3faa364c792e32abc5
PTown Access Token,PXTC,18,10000000,10000000000000000000000000,0xDcFb65b2b6380009E20ebd9532bA7eB9C3C04845,2022-03-21 04:39:46 +0000 UTC,https://raw.githubusercontent.com/roll-assets/ethereum/main/assets/0xdcfb65b2b6380009e20ebd9532ba7eb9c3c04845/logo.png,confirmed,0x9AF08b622067500acd138D4686F76bcE3E62F2c5,0xa0ef35e8ddffdd5c7fcc2e3faa364c792e32abc5
GGBL,GGBL,18,10000000,10000000000000000000000000,0x31BB2973b4bDf4a78f65931A0a788a0Fd051F58D,2022-04-11 03:51:31 +0000 UTC,https://raw.githubusercontent.com/roll-assets/ethereum/main/assets/0x31bb2973b4bdf4a78f65931a0a788a0fd051f58d/logo.png,confirmed,0x8Ccf27c992c5583B3c7065D79e8906C8cd21B18f,0xa0ef35e8ddffdd5c7fcc2e3faa364c792e32abc5
Take Up Space,TUS,18,10000000,10000000000000000000000000,0xABe964D5a4dD42B4C82eE15144dEA0a695E51450,2022-03-27 03:04:30 +0000 UTC,https://raw.githubusercontent.com/roll-assets/ethereum/main/assets/0xabe964d5a4dd42b4c82ee15144dea0a695e51450/logo.png,confirmed,0xc3838d8E656921dBd38b2Cd4cB19561c46E621c6,0xa0ef35e8ddffdd5c7fcc2e3faa364c792e32abc5
BRUNCH,BRUNCH,18,10000000,10000000000000000000000000,0x6BB83A78BD008a65AE77798dbEB41A259f1C400f,2022-04-03 05:57:34 +0000 UTC,https://raw.githubusercontent.com/roll-assets/ethereum/main/assets/0x6bb83a78bd008a65ae77798dbeb41a259f1c400f/logo.png,confirmed,0x001f8AD6A72922F2507e7068e9d5928816928F6d,0xa0ef35e8ddffdd5c7fcc2e3faa364c792e32abc5
WRITR,WRITR,18,10000000,10000000000000000000000000,0x7854532b8D0aAbbAa006dE70aF652909b8D87b68,2022-04-03 06:00:41 +0000 UTC,https://raw.githubusercontent.com/roll-assets/ethereum/main/assets/0x7854532b8d0aabbaa006de70af652909b8d87b68/logo.png,confirmed,0x62Ce7cAe741CD869894EBbcB118dA51631354c61,0xa0ef35e8ddffdd5c7fcc2e3faa364c792e32abc5
STUDIO,STUDIO,18,10000000,10000000000000000000000000,0x6aAc6d7c9689afcB8f9B9dAbf79A732dC632519B,2022-04-11 03:56:21 +0000 UTC,https://raw.githubusercontent.com/roll-assets/ethereum/main/assets/0x6aac6d7c9689afcb8f9b9dabf79a732dc632519b/logo.png,proposed/rejected,0xAEea95461d82bF487AC31E84364630C3eB179559,0xa0ef35e8ddffdd5c7fcc2e3faa364c792e32abc5
1Q9X,1Q9X,18,10000000,10000000000000000000000000,0xA24E197E9022e573f1a558759108F2ab13c73dF6,2022-04-13 05:16:42 +0000 UTC,https://raw.githubusercontent.com/roll-assets/ethereum/main/assets/0xa24e197e9022e573f1a558759108f2ab13c73df6/logo.png,confirmed,0xaDAB346D68675De3adA8DC28C7Cdee80Cb6cBE75,0xa0ef35e8ddffdd5c7fcc2e3faa364c792e32abc5
Marina Mazepa Token,MMT,18,10000000,10000000000000000000000000,0x3c98B84992670DcD26a5f018EDedDEb58ecA8Ab0,2022-04-13 05:13:20 +0000 UTC,https://raw.githubusercontent.com/roll-assets/ethereum/main/assets/0x3c98b84992670dcd26a5f018ededdeb58eca8ab0/logo.png,confirmed,0x2dF5f663d03fA5CA9e58F56282D63eD4FCe2f4A5,0xa0ef35e8ddffdd5c7fcc2e3faa364c792e32abc5
GEESE,GEESE,18,10000000,10000000000000000000000000,0xf40b199e90F08ad10AD5eff5319a328144b62872,2022-04-20 04:02:50 +0000 UTC,https://raw.githubusercontent.com/roll-assets/ethereum/main/assets/0xf40b199e90f08ad10ad5eff5319a328144b62872/logo.png,confirmed,0xCa61B6ff51BFE200b00190a9a6Ecb2DB4437aa77,0xa0ef35e8ddffdd5c7fcc2e3faa364c792e32abc5
LOVER,LOVER,18,10000000,10000000000000000000000000,0x217e3528cff4818bb63425F5162E7C9bA3A90C2a,2022-04-24 01:44:02 +0000 UTC,https://raw.githubusercontent.com/roll-assets/ethereum/main/assets/0x217e3528cff4818bb63425f5162e7c9ba3a90c2a/logo.png,confirmed,0x2800C15AD68c9e48AedB2F7c9E5c9c4f4C13E986,0xa0ef35e8ddffdd5c7fcc2e3faa364c792e32abc5
Good Luck Chuck,CHUCK,18,10000000,10000000000000000000000000,0x839893AddEd0Ad1771f06eF384eb4540AA7e5C37,2022-05-25 04:35:33 +0000 UTC,https://raw.githubusercontent.com/roll-assets/ethereum/main/assets/0x839893added0ad1771f06ef384eb4540aa7e5c37/logo.png,confirmed,0x505569f1F0fD8B8ad932CED6501fB8065c5AC2Ec,0xa0ef35e8ddffdd5c7fcc2e3faa364c792e32abc5
FRINGE,FRINGE,18,10000000,10000000000000000000000000,0x94a96BcDa53FbcA6dC3e6523bb45eA9f786f5a4D,2022-05-25 05:09:51 +0000 UTC,https://raw.githubusercontent.com/roll-assets/ethereum/main/assets/0x94a96bcda53fbca6dc3e6523bb45ea9f786f5a4d/logo.png,confirmed,0xDdeE5A1F2036e6145ABC4aE74281969d392Fc5AD,0xa0ef35e8ddffdd5c7fcc2e3faa364c792e32abc5
YOUNI,YOUNI,18,10000000,10000000000000000000000000,0xf912c416fb326c499CC5EAaBeAbDB38260aBA4af,2022-06-07 04:22:17 +0000 UTC,https://raw.githubusercontent.com/roll-assets/ethereum/main/assets/0xf912c416fb326c499cc5eaabeabdb38260aba4af/logo.png,confirmed,0xEe2c88c1d095dD86E7c318f0752F10D93DcEf5Cf,0xa0ef35e8ddffdd5c7fcc2e3faa364c792e32abc5
HAMON,HAMON,18,10000000,10000000000000000000000000,0x5347ff425716ff11AB7600B1312e36C8F2be9110,2022-07-25 13:19:46 +0000 UTC,https://raw.githubusercontent.com/roll-assets/ethereum/main/assets/0x5347ff425716ff11ab7600b1312e36c8f2be9110/logo.png,confirmed,0x31A782F0A7AE7E169035279cb9cAAFb52a78f655,0xa0ef35e8ddffdd5c7fcc2e3faa364c792e32abc5
MAYA,MAYA,18,10000000,10000000000000000000000000,0x32b2f031c53cB36A05C62Fa02F6ADFbA29aCb809,2022-06-07 04:32:31 +0000 UTC,https://raw.githubusercontent.com/roll-assets/ethereum/main/assets/0x32b2f031c53cb36a05c62fa02f6adfba29acb809/logo.png,confirmed,0x86ccFfcae05d943059455F05F08bDd46c07800b0,0xa0ef35e8ddffdd5c7fcc2e3faa364c792e32abc5
FUSE,FUSE,18,10000000,10000000000000000000000000,0x887aD64B382de699e75410EF0CcA2727ff28CA3F,2022-06-07 04:08:12 +0000 UTC,https://raw.githubusercontent.com/roll-assets/ethereum/main/assets/0x887ad64b382de699e75410ef0cca2727ff28ca3f/logo.png,confirmed,0x616dbD371fDF78b3564CD94Af9A1BbdFe5d5d78f,0xa0ef35e8ddffdd5c7fcc2e3faa364c792e32abc5
Joerilla,JOE,18,10000000,10000000000000000000000000,0x1ec6B280317e14dFBBEEebec1C13460570c7A87B,2022-06-07 04:19:08 +0000 UTC,https://raw.githubusercontent.com/roll-assets/ethereum/main/assets/0x1ec6b280317e14dfbbeeebec1c13460570c7a87b/logo.png,confirmed,0x87b2317F3d767507f20159377f0F7f6B4BE1CbB4,0xa0ef35e8ddffdd5c7fcc2e3faa364c792e32abc5
Prosperity Coin,PRC,18,10000000,10000000000000000000000000,0x755FD7B8A3792191b12E716b500eCDe75001F843,2022-07-11 01:51:13 +0000 UTC,https://raw.githubusercontent.com/roll-assets/ethereum/main/assets/0x755fd7b8a3792191b12e716b500ecde75001f843/logo.png,confirmed,0x83514dFF8D5B76A49D8fc1d7064a1B46d832A7F3,0xa0ef35e8ddffdd5c7fcc2e3faa364c792e32abc5
AI,AI,18,10000000,10000000000000000000000000,0x29Fc64D03A6fFD958a0C2A29Bd0f574E8a61C310,2022-07-11 01:46:46 +0000 UTC,https://raw.githubusercontent.com/roll-assets/ethereum/main/assets/0x29fc64d03a6ffd958a0c2a29bd0f574e8a61c310/logo.png,confirmed,0x2F0b1B056ff3bF25F7899Ffa657907bc64F0c58b,0xa0ef35e8ddffdd5c7fcc2e3faa364c792e32abc5
CORP,CORP,18,10000000,10000000000000000000000000,0xaDB2B13f0b145Df35e050b76293CbB4Ed021a2c4,2022-07-11 01:43:44 +0000 UTC,https://raw.githubusercontent.com/roll-assets/ethereum/main/assets/0xadb2b13f0b145df35e050b76293cbb4ed021a2c4/logo.png,confirmed,0xb53EAf3F3632115C0972783F71DE3F480c200c4b,0xa0ef35e8ddffdd5c7fcc2e3faa364c792e32abc5
Talk byTBA,TALK,18,10000000,10000000000000000000000000,0x6a7cC3ecdf68aAef263be3a3f1703940d9Fef6e7,2022-07-18 06:58:24 +0000 UTC,https://raw.githubusercontent.com/roll-assets/ethereum/main/assets/0x6a7cc3ecdf68aaef263be3a3f1703940d9fef6e7/logo.png,confirmed,0xDcED98E3bf1d7D03cc147EaE701713F4E5A19C01,0xa0ef35e8ddffdd5c7fcc2e3faa364c792e32abc5
GRANI,GRANI,18,10000000,10000000000000000000000000,0xe9CDd501B2CED49a36bFFdF2299321ECbeAF3515,2022-07-18 06:37:28 +0000 UTC,https://raw.githubusercontent.com/roll-assets/ethereum/main/assets/0xe9cdd501b2ced49a36bffdf2299321ecbeaf3515/logo.png,confirmed,0xDF824197bffE5AC2c4b5219d4340B59a1d7835f5,0xa0ef35e8ddffdd5c7fcc2e3faa364c792e32abc5
WATERS ,WATERS,18,10000000,10000000000000000000000000,0x0599973C94A1cb6D704622975343b8Aa8F99Ce17,2022-07-18 06:45:43 +0000 UTC,https://raw.githubusercontent.com/roll-assets/ethereum/main/assets/0x0599973c94a1cb6d704622975343b8aa8f99ce17/logo.png,confirmed,0xE4d3AEe167389e7243b873C4ff84F63e096F4A8f,0xa0ef35e8ddffdd5c7fcc2e3faa364c792e32abc5
World Changer ,WCC,18,10000000,10000000000000000000000000,0xe6Ee5aD1489239C2FDaFA8eBa5F7216aEb8361c1,2022-07-25 13:28:13 +0000 UTC,https://raw.githubusercontent.com/roll-assets/ethereum/main/assets/0xe6ee5ad1489239c2fdafa8eba5f7216aeb8361c1/logo.png,confirmed,0xcF96364aF39fB79F0c4Ed460371380b08bA4F365,0xa0ef35e8ddffdd5c7fcc2e3faa364c792e32abc5
IIME,IIME,18,10000000,10000000000000000000000000,0xD7FB75AE99770A72261Ee160a3B8AB92aC6fCac7,2022-07-25 13:24:26 +0000 UTC,https://raw.githubusercontent.com/roll-assets/ethereum/main/assets/0xd7fb75ae99770a72261ee160a3b8ab92ac6fcac7/logo.png,confirmed,0xB7358125AD37436058a11f18483511D234f47357,0xa0ef35e8ddffdd5c7fcc2e3faa364c792e32abc5
Love Star,LS,18,10000000,10000000000000000000000000,0x9f24Da3513a50af553dC655d33360A65e70325E1,2022-08-01 08:14:04 +0000 UTC,https://raw.githubusercontent.com/roll-assets/ethereum/main/assets/0x9f24da3513a50af553dc655d33360a65e70325e1/logo.png,confirmed,0x1ef5c2e8c0fCded79F9A1022f9b063DE5192B5ef,0xa0ef35e8ddffdd5c7fcc2e3faa364c792e32abc5
Wagyuu,WAGYUU,18,10000000,10000000000000000000000000,0x7311855834457d2265cAFEe2976620E031faD8D1,2022-07-25 13:35:12 +0000 UTC,https://raw.githubusercontent.com/roll-assets/ethereum/main/assets/0x7311855834457d2265cafee2976620e031fad8d1/logo.png,confirmed,0x7822Fe3C59E24D8C99C5203BC7218f4304647415,0xa0ef35e8ddffdd5c7fcc2e3faa364c792e32abc5
Vesta Fundamental Camp,VFC,18,10000000,10000000000000000000000000,0x4a076948028A4B7518C86Db971026eF7bB8D5409,2022-08-01 07:23:30 +0000 UTC,https://raw.githubusercontent.com/roll-assets/ethereum/main/assets/0x4a076948028a4b7518c86db971026ef7bb8d5409/logo.png,confirmed,0x9765f5F8c6b2ca5Bb71635e23524f8f750c31D1b,0xa0ef35e8ddffdd5c7fcc2e3faa364c792e32abc5
Lyt House,LYTH,18,10000000,10000000000000000000000000,0x374ED22720b978c8aC8849B379EE9dc617351B38,2022-08-01 07:31:11 +0000 UTC,https://raw.githubusercontent.com/roll-assets/ethereum/main/assets/0x374ed22720b978c8ac8849b379ee9dc617351b38/logo.png,confirmed,0x173817ac1ED538996A8913CEAbA00e2Eea8652Aa,0xa0ef35e8ddffdd5c7fcc2e3faa364c792e32abc5
Metaradio,MTRD,18,10000000,10000000000000000000000000,0x9595fb80B4DCEE526dd21EdC0d19E52E5898C82E,2022-08-01 07:54:12 +0000 UTC,https://raw.githubusercontent.com/roll-assets/ethereum/main/assets/0x9595fb80b4dcee526dd21edc0d19e52e5898c82e/logo.png,confirmed,0x8EC544622dAB110C13e2B7047786ba0B70B00bc5,0xa0ef35e8ddffdd5c7fcc2e3faa364c792e32abc5
Nakia Khalilah,NK,18,10000000,10000000000000000000000000,0x66df45c29049AD057f923b3Fc3E67F305F26A211,2022-08-01 08:11:07 +0000 UTC,https://raw.githubusercontent.com/roll-assets/ethereum/main/assets/0x66df45c29049ad057f923b3fc3e67f305f26a211/logo.png,confirmed,0x23eac8DE4d1760BaCeD3909f7e6228450AE11973,0xa0ef35e8ddffdd5c7fcc2e3faa364c792e32abc5
Angie,ANGIE,18,10000000,10000000000000000000000000,0x17AFF1504b2241EfAf042eC6BD015F09c8FB4C4c,2022-08-08 02:54:42 +0000 UTC,https://raw.githubusercontent.com/roll-assets/ethereum/main/assets/0x17aff1504b2241efaf042ec6bd015f09c8fb4c4c/logo.png,confirmed,0xD494a6517a88541727559c4c1A36D1589f29D62d,0xa0ef35e8ddffdd5c7fcc2e3faa364c792e32abc5
Leonard,LENRD,18,10000000,10000000000000000000000000,0x589D5E534a11d3b2860df3b89586ce2133fcEDE9,2022-08-08 03:04:40 +0000 UTC,https://raw.githubusercontent.com/roll-assets/ethereum/main/assets/0x589d5e534a11d3b2860df3b89586ce2133fcede9/logo.png,confirmed,0xf262E122A14CAFD36026366C88E03F4668bC2D60,0xa0ef35e8ddffdd5c7fcc2e3faa364c792e32abc5
NVNTIVZ,NVNTZ,18,10000000,10000000000000000000000000,0x460C0f7D0B1cc9A97F50A859974998739855BB8b,2022-08-08 03:16:31 +0000 UTC,https://raw.githubusercontent.com/roll-assets/ethereum/main/assets/0x460c0f7d0b1cc9a97f50a859974998739855bb8b/logo.png,confirmed,0x5eE955D22b82766Dfd533e52c4DF4a8b1a3613D5,0xa0ef35e8ddffdd5c7fcc2e3faa364c792e32abc5
Mohit ,MOHIT,18,10000000,10000000000000000000000000,0xdDf5daa4cA0Aa4Ec691f51843CF32678289A0155,2022-08-08 03:59:58 +0000 UTC,https://raw.githubusercontent.com/roll-assets/ethereum/main/assets/0xddf5daa4ca0aa4ec691f51843cf32678289a0155/logo.png,confirmed,0x6A076B2215D9A53DAF5b036BB2aeaB9F7c184068,0xa0ef35e8ddffdd5c7fcc2e3faa364c792e32abc5
" Negative Vibrations ",NV,18,10000000,10000000000000000000000000,0x0d0e8B6C4dEE2A01662FD590fBF84F0694D401fE,2022-08-15 03:43:08 +0000 UTC,https://raw.githubusercontent.com/roll-assets/ethereum/main/assets/0x0d0e8b6c4dee2a01662fd590fbf84f0694d401fe/logo.png,confirmed,0xcaD5093522318702BC7A7F44c7fC438Ca3194fCD,0xa0ef35e8ddffdd5c7fcc2e3faa364c792e32abc5
MetaTrekToken,MTT,18,10000000,10000000000000000000000000,0x2512F3a6A57b52fb3b23b225dF2b50e1B51E0a5f,2022-08-15 03:47:53 +0000 UTC,https://raw.githubusercontent.com/roll-assets/ethereum/main/assets/0x2512f3a6a57b52fb3b23b225df2b50e1b51e0a5f/logo.png,confirmed,0xfF185f196F4d7c087Bd3Bcd40Dcb7f9AF1Bd31Cc,0xa0ef35e8ddffdd5c7fcc2e3faa364c792e32abc5
Fighting Comes First,FCF,18,10000000,10000000000000000000000000,0x79024095F7D293d06D1B6e722a2cd9028Fe1A7Cd,2022-08-15 03:50:43 +0000 UTC,https://raw.githubusercontent.com/roll-assets/ethereum/main/assets/0x79024095f7d293d06d1b6e722a2cd9028fe1a7cd/logo.png,confirmed,0x6Fda36aFd7Fc6e870D7b6184cCF573D033806e1F,0xa0ef35e8ddffdd5c7fcc2e3faa364c792e32abc5
Esty Land,EL,18,10000000,10000000000000000000000000,0x6111FB6275b38aa84e2f0564b4772b466521E023,2022-08-22 12:02:31 +0000 UTC,https://raw.githubusercontent.com/roll-assets/ethereum/main/assets/0x6111fb6275b38aa84e2f0564b4772b466521e023/logo.png,confirmed,0x9A3C11CB02E6759D8830A9772C42A3cB37ac393C,0xa0ef35e8ddffdd5c7fcc2e3faa364c792e32abc5
LIFT,LIFT,18,10000000,10000000000000000000000000,0x95E02fDebF3351C8E0A3d3774279DE7c76957DFF,2022-08-15 03:54:05 +0000 UTC,https://raw.githubusercontent.com/roll-assets/ethereum/main/assets/0x95e02fdebf3351c8e0a3d3774279de7c76957dff/logo.png,confirmed,0xAD92563142fC89b6db0C92557036cC6ae147c1cc,0xa0ef35e8ddffdd5c7fcc2e3faa364c792e32abc5
CXNTCT,CNTCT,18,10000000,10000000000000000000000000,0x02e25Fe857004a7ee11ab829e748EE8f3Bd2435e,2022-08-15 03:58:09 +0000 UTC,https://raw.githubusercontent.com/roll-assets/ethereum/main/assets/0x02e25fe857004a7ee11ab829e748ee8f3bd2435e/logo.png,confirmed,0x93D1aA2E16fb3D7214Ec6E5dBC825D9180643dde,0xa0ef35e8ddffdd5c7fcc2e3faa364c792e32abc5
Jersey Gardens ,GARDEN,18,10000000,10000000000000000000000000,0xba4A9d9b2101F1dD93F8c7728526a106B2c4af40,2022-08-22 12:07:32 +0000 UTC,https://raw.githubusercontent.com/roll-assets/ethereum/main/assets/0xba4a9d9b2101f1dd93f8c7728526a106b2c4af40/logo.png,confirmed,0x55b0203C7f55bd924d95C88231267d94911d625F,0xa0ef35e8ddffdd5c7fcc2e3faa364c792e32abc5
New Year New Me,NEW,18,10000000,10000000000000000000000000,0xF4B5Cf188aaD19813F876F7DE4991609B58dC532,2022-08-22 12:12:37 +0000 UTC,https://raw.githubusercontent.com/roll-assets/ethereum/main/assets/0xf4b5cf188aad19813f876f7de4991609b58dc532/logo.png,confirmed,0x39318c437C8cC9DF2b1769889EBd2F2b7CD948c6,0xa0ef35e8ddffdd5c7fcc2e3faa364c792e32abc5
Jesse Johnson Coaching,JJC,18,10000000,10000000000000000000000000,0x9751e3F457FF2a750f3CD24b73E6753B34B29Ff5,2022-09-05 03:42:21 +0000 UTC,https://raw.githubusercontent.com/roll-assets/ethereum/main/assets/0x9751e3f457ff2a750f3cd24b73e6753b34b29ff5/logo.png,confirmed,0xE8eB727bF56A5845ce0f6A6f52121Ba8B7Fa40B3,0xa0ef35e8ddffdd5c7fcc2e3faa364c792e32abc5
Flow,FLOW,18,10000000,10000000000000000000000000,0x8c35611Ac64b546E5e3392aAB71e63EfdfE1E11F,2022-08-29 04:25:53 +0000 UTC,https://raw.githubusercontent.com/roll-assets/ethereum/main/assets/0x8c35611ac64b546e5e3392aab71e63efdfe1e11f/logo.png,confirmed,0x4C619D0FA3e35eCfB7dBB525f09DE3a42a07a9B3,0xa0ef35e8ddffdd5c7fcc2e3faa364c792e32abc5
SHEE Token,SHEE9,18,10000000,10000000000000000000000000,0x57Dbd446D5700474Af7864b0B7052Ea3b13f77A9,2022-08-29 03:59:17 +0000 UTC,https://raw.githubusercontent.com/roll-assets/ethereum/main/assets/0x57dbd446d5700474af7864b0b7052ea3b13f77a9/logo.png,confirmed,0x99B427F1210C09305121a8EF809DeF9324476606,0xa0ef35e8ddffdd5c7fcc2e3faa364c792e32abc5
Phoenix ,PHX,18,10000000,10000000000000000000000000,0x99CD631494b3071FF1BFF0949B6B74638BD00584,2022-08-29 04:29:07 +0000 UTC,https://raw.githubusercontent.com/roll-assets/ethereum/main/assets/0x99cd631494b3071ff1bff0949b6b74638bd00584/logo.png,confirmed,0x859f3960277dcEA2e2151a3Ca74D4B49FCe96fD0,0xa0ef35e8ddffdd5c7fcc2e3faa364c792e32abc5
Camtrao,CT,18,10000000,10000000000000000000000000,0xbB5EFC488C1FdcC6d7c9107813b97468D59C38E9,2022-09-05 03:46:46 +0000 UTC,https://raw.githubusercontent.com/roll-assets/ethereum/main/assets/0xbb5efc488c1fdcc6d7c9107813b97468d59c38e9/logo.png,confirmed,0x51A8228b563c52A0864c3771eAe0650Fd8bF061D,0xa0ef35e8ddffdd5c7fcc2e3faa364c792e32abc5
CHOW,CHOW,18,10000000,10000000000000000000000000,0x0075EE163c32d520C8BC6EDb82e54a9d2741773a,2022-09-05 03:51:12 +0000 UTC,https://raw.githubusercontent.com/roll-assets/ethereum/main/assets/0x0075ee163c32d520c8bc6edb82e54a9d2741773a/logo.png,confirmed,0x9f64979C96f9810B77124eafeb09f3246374BF1D,0xa0ef35e8ddffdd5c7fcc2e3faa364c792e32abc5
Challa,DCT,18,10000000,10000000000000000000000000,0xC4Bd6fe09c0A01Dbba21DAa5dd97D1a8f141bFd9,2022-09-05 04:00:34 +0000 UTC,https://raw.githubusercontent.com/roll-assets/ethereum/main/assets/0xc4bd6fe09c0a01dbba21daa5dd97d1a8f141bfd9/logo.png,confirmed,0x325acda842783A1B5b87F93f130155D4F7c8d667,0xa0ef35e8ddffdd5c7fcc2e3faa364c792e32abc5
TRILLION,TRL,18,10000000,10000000000000000000000000,0x5CFB5D6d49440316147c206Af0f057cDf39e723C,2022-09-12 03:38:15 +0000 UTC,https://raw.githubusercontent.com/roll-assets/ethereum/main/assets/0x5cfb5d6d49440316147c206af0f057cdf39e723c/logo.png,confirmed,0x9aD49B40f506312071214599556d2D8B8De51540,0xa0ef35e8ddffdd5c7fcc2e3faa364c792e32abc5
LAB,LAB,18,10000000,10000000000000000000000000,0x14311Ab41087e1F6dAd0bDD7271dA484549eD672,2022-09-12 03:30:09 +0000 UTC,https://raw.githubusercontent.com/roll-assets/ethereum/main/assets/0x14311ab41087e1f6dad0bdd7271da484549ed672/logo.png,confirmed,0xa9dfe8526CCc480d3c3Dba7e071E51734783Eb6B,0xa0ef35e8ddffdd5c7fcc2e3faa364c792e32abc5
STARZ,STRZ,18,10000000,10000000000000000000000000,0xB864F81f3c45193A3Efc778323288C5cE0BB98AD,2022-09-12 03:32:47 +0000 UTC,https://raw.githubusercontent.com/roll-assets/ethereum/main/assets/0xb864f81f3c45193a3efc778323288c5ce0bb98ad/logo.png,confirmed,0xBC730472e1D5814762dAf447103d030236742378,0xa0ef35e8ddffdd5c7fcc2e3faa364c792e32abc5
Democracy Tokens,DD,18,10000000,10000000000000000000000000,0x98A02e9808a0aE1830Db4Eb825A84F78a64d4586,2022-09-12 03:40:08 +0000 UTC,https://raw.githubusercontent.com/roll-assets/ethereum/main/assets/0x98a02e9808a0ae1830db4eb825a84f78a64d4586/logo.png,confirmed,0xf9bbE3eD8A70DAa2f648e8F0a6fAF9F021442Ce1,0xa0ef35e8ddffdd5c7fcc2e3faa364c792e32abc5
MrBitcoin,MRBTC,18,10000000,10000000000000000000000000,0xa548EDDd1284Bf772A465f7405539FC1b358cB91,2022-09-19 04:06:11 +0000 UTC,https://raw.githubusercontent.com/roll-assets/ethereum/main/assets/0xa548eddd1284bf772a465f7405539fc1b358cb91/logo.png,confirmed,0xCF86D6aC2Ea19896851b7bDE0c0Bbd57ed74EaDa,0xa0ef35e8ddffdd5c7fcc2e3faa364c792e32abc5
DOPE,DOPE,18,10000000,10000000000000000000000000,0xc3744E292Ff6b28E6E592156Ca66c0A8ff03C07a,2022-09-19 04:12:35 +0000 UTC,https://raw.githubusercontent.com/roll-assets/ethereum/main/assets/0xc3744e292ff6b28e6e592156ca66c0a8ff03c07a/logo.png,confirmed,0x5992eba559d26dcffe9bEDC953Ed7885BB1e2919,0xa0ef35e8ddffdd5c7fcc2e3faa364c792e32abc5
UNIQ,UNIQ,18,10000000,10000000000000000000000000,0xd73180b089f8a1a23a72fe69a3bcc04f4da6c84a,2022-09-19 04:16:59 +0000 UTC,https://raw.githubusercontent.com/roll-assets/ethereum/main/assets/0xd73180b089f8a1a23a72fe69a3bcc04f4da6c84a/logo.png,confirmed,0x213681108fAf4c805a17E4a76883F7f3c69bCD0e,0xa0ef35e8ddffdd5c7fcc2e3faa364c792e32abc5
Lunch Money ,LNCH,18,10000000,10000000000000000000000000,0x1d4bE444891495e63968236BDdD7612423772dED,2022-09-19 04:21:23 +0000 UTC,https://raw.githubusercontent.com/roll-assets/ethereum/main/assets/0x1d4be444891495e63968236bddd7612423772ded/logo.png,confirmed,0x54825212D2bDa853d885763f2172bB7A31a939c6,0xa0ef35e8ddffdd5c7fcc2e3faa364c792e32abc5
Stronk,STRONK,18,10000000,10000000000000000000000000,0xC5c50a10BAd212d59674e58e826ACff1FF2339fB,2022-09-25 17:37:11 +0000 UTC,https://raw.githubusercontent.com/roll-assets/ethereum/main/assets/0xc5c50a10bad212d59674e58e826acff1ff2339fb/logo.png,confirmed,0x9D84d796D0a9dd6Fb0C2eFA64E8213aEF8E8FC77,0xa0ef35e8ddffdd5c7fcc2e3faa364c792e32abc5
Code Boy ,CODE,18,10000000,10000000000000000000000000,0x0e47F671c9245E794102D3A1656C963DB535eE0A,2022-09-25 16:38:59 +0000 UTC,https://raw.githubusercontent.com/roll-assets/ethereum/main/assets/0x0e47f671c9245e794102d3a1656c963db535ee0a/logo.png,confirmed,0x88B6298F8B0B8548ceC2FcD6Dd8B0385F73Cb33e,0xa0ef35e8ddffdd5c7fcc2e3faa364c792e32abc5
Asystemq,AQ,18,10000000,10000000000000000000000000,0x0c8e4b8c4B0dDc958da6436D15166032F918606a,2022-09-25 17:31:35 +0000 UTC,https://raw.githubusercontent.com/roll-assets/ethereum/main/assets/0x0c8e4b8c4b0ddc958da6436d15166032f918606a/logo.png,confirmed,0xd44D71AF2a0e5F97fc4c8bc705792def5A6A7101,0xa0ef35e8ddffdd5c7fcc2e3faa364c792e32abc5
NORN,NORN,18,10000000,10000000000000000000000000,0x4c45Be7EF984FdA2Aa9FB4fE05E6d718e8980B3E,2022-09-25 17:33:47 +0000 UTC,https://raw.githubusercontent.com/roll-assets/ethereum/main/assets/0x4c45be7ef984fda2aa9fb4fe05e6d718e8980b3e/logo.png,confirmed,0xEF98b5fA182fF2d70A4aE800E730b4d21F10eb76,0xa0ef35e8ddffdd5c7fcc2e3faa364c792e32abc5
WAFFL,WAFFL,18,10000000,10000000000000000000000000,0x183256B67072C06516f6e585E197f6D9D80F1d0F,2022-10-03 11:13:11 +0000 UTC,https://raw.githubusercontent.com/roll-assets/ethereum/main/assets/0x183256b67072c06516f6e585e197f6d9d80f1d0f/logo.png,confirmed,0xE61C927Bb27D7181373fA4c6C9758BF10E3C2864,0xa0ef35e8ddffdd5c7fcc2e3faa364c792e32abc5
Fringe Founders,FF,18,10000000,10000000000000000000000000,0x99AC18210cA67BEA27bb14B25ab76162315E9E16,2022-10-03 11:36:47 +0000 UTC,https://raw.githubusercontent.com/roll-assets/ethereum/main/assets/0x99ac18210ca67bea27bb14b25ab76162315e9e16/logo.png,confirmed,0xB4D8B71e55F1a5bA89aCa6FC3405114321a43b23,0xa0ef35e8ddffdd5c7fcc2e3faa364c792e32abc5
SAX Token ,SAX,18,10000000,10000000000000000000000000,0xbd5A0096CB96D487858235648bc4CD1e26b1F34B,2022-10-03 11:26:35 +0000 UTC,https://raw.githubusercontent.com/roll-assets/ethereum/main/assets/0xbd5a0096cb96d487858235648bc4cd1e26b1f34b/logo.png,confirmed,0x16c8690923048CA1D3ef2678AeBA8aC24b306D83,0xa0ef35e8ddffdd5c7fcc2e3faa364c792e32abc5
KID,KID,18,10000000,10000000000000000000000000,0x3BFa7407Fa6F4cD43fD515d542B2cE2f3c764739,2022-10-03 11:31:23 +0000 UTC,https://raw.githubusercontent.com/roll-assets/ethereum/main/assets/0x3bfa7407fa6f4cd43fd515d542b2ce2f3c764739/logo.png,confirmed,0xFBA2f0a82c248298047d5c662f8b620522edB25b,0xa0ef35e8ddffdd5c7fcc2e3faa364c792e32abc5
Cowry,CWRY,18,10000000,10000000000000000000000000,0x8DBc8FC8FeC2da3E26de21333F853e37F0CBf119,2022-10-10 19:01:59 +0000 UTC,https://raw.githubusercontent.com/roll-assets/ethereum/main/assets/0x8dbc8fc8fec2da3e26de21333f853e37f0cbf119/logo.png,confirmed,0x5fA2746cF11aeb8D4A0F38499e541B39Db7f890B,0xa0ef35e8ddffdd5c7fcc2e3faa364c792e32abc5
CAMRON,CAM,18,10000000,10000000000000000000000000,0x174e93fE2B6a86A999ca46a5c0aA954b7363672e,2022-10-10 18:56:11 +0000 UTC,https://raw.githubusercontent.com/roll-assets/ethereum/main/assets/0x174e93fe2b6a86a999ca46a5c0aa954b7363672e/logo.png,confirmed,0x7c2C6c3430c236673233cC96B42f4DeD68D5040b,0xa0ef35e8ddffdd5c7fcc2e3faa364c792e32abc5
SJS Practice,SJSP,18,10000000,10000000000000000000000000,0x70fafAdbe7d0D2484B2960Bb591C07B16317F76D,2022-10-10 19:07:47 +0000 UTC,https://raw.githubusercontent.com/roll-assets/ethereum/main/assets/0x70fafadbe7d0d2484b2960bb591c07b16317f76d/logo.png,confirmed,0xe306D00C4DDF31f2edC2Ea90Fb35B7F2533d71A3,0xa0ef35e8ddffdd5c7fcc2e3faa364c792e32abc5
RBN,RBN,18,10000000,10000000000000000000000000,0xA5a2F695C50AeBC878F23976952D83540262aA7B,2022-10-17 14:05:11 +0000 UTC,https://raw.githubusercontent.com/roll-assets/ethereum/main/assets/0xa5a2f695c50aebc878f23976952d83540262aa7b/logo.png,confirmed,0x2521C6E8a0eb1bf9E7E761f5C1914363BD52A348,0xa0ef35e8ddffdd5c7fcc2e3faa364c792e32abc5
BUP,BUP,18,10000000,10000000000000000000000000,0xD0c4b5F9bac919A78fc931a49ef710dcaD7683e2,2022-10-17 14:09:35 +0000 UTC,https://raw.githubusercontent.com/roll-assets/ethereum/main/assets/0xd0c4b5f9bac919a78fc931a49ef710dcad7683e2/logo.png,confirmed,0xAA25e6E3f474893B42B412382d8c854E92b01181,0xa0ef35e8ddffdd5c7fcc2e3faa364c792e32abc5
Slu,SLU,18,10000000,10000000000000000000000000,0x95FC1b57c54b6F98a299a35257cfd53EA23244b9,2022-10-17 14:13:47 +0000 UTC,https://raw.githubusercontent.com/roll-assets/ethereum/main/assets/0x95fc1b57c54b6f98a299a35257cfd53ea23244b9/logo.png,confirmed,0x00C66e30306879c6334117622A4192ff01eB8D86,0xa0ef35e8ddffdd5c7fcc2e3faa364c792e32abc5
ZDM coin,ZDM,18,10000000,10000000000000000000000000,0xb44f9eE6f72EB9f3D8EDc44C52A3c24cBccA26b1,2022-10-24 04:46:47 +0000 UTC,https://raw.githubusercontent.com/roll-assets/ethereum/main/assets/0xb44f9ee6f72eb9f3d8edc44c52a3c24cbcca26b1/logo.png,confirmed,0x13265b2F9f7B4A8B95e4A2471A99001d27C977A6,0xa0ef35e8ddffdd5c7fcc2e3faa364c792e32abc5
UgointhaHouse,UGO,18,10000000,10000000000000000000000000,0x1272bB24EB7473768fe106988795591cB037665C,2022-10-24 04:51:23 +0000 UTC,https://raw.githubusercontent.com/roll-assets/ethereum/main/assets/0x1272bb24eb7473768fe106988795591cb037665c/logo.png,confirmed,0x6Ba2b9BF882C65f863cC27FaE32B5e72b9C88009,0xa0ef35e8ddffdd5c7fcc2e3faa364c792e32abc5
DAO Research Token,DRD1,18,10000000,10000000000000000000000000,0x05175b586A2fe6516E42F2461D3A9D14ae2c56A0,2022-10-24 04:54:47 +0000 UTC,https://raw.githubusercontent.com/roll-assets/ethereum/main/assets/0x05175b586a2fe6516e42f2461d3a9d14ae2c56a0/logo.png,confirmed,0xB830E13c934ADf17F07e8a19B67f4b5BF65812E7,0xa0ef35e8ddffdd5c7fcc2e3faa364c792e32abc5
Stonefrenge,IRIE,18,10000000,10000000000000000000000000,0xf35Adbe9cd02e015FdCa4A2A9b486fb988DDee05,2022-10-24 04:57:23 +0000 UTC,https://raw.githubusercontent.com/roll-assets/ethereum/main/assets/0xf35adbe9cd02e015fdca4a2a9b486fb988ddee05/logo.png,confirmed,0xf6577E785e841Ad055974164fb526BaDD12B5b54,0xa0ef35e8ddffdd5c7fcc2e3faa364c792e32abc5
ReelTV,REEL,18,10000000,10000000000000000000000000,0x666fB5aA9C496be79397ac1661e6Ed214B01176A,2022-10-24 05:01:23 +0000 UTC,https://raw.githubusercontent.com/roll-assets/ethereum/main/assets/0x666fb5aa9c496be79397ac1661e6ed214b01176a/logo.png,confirmed,0xad049ea7D3F7fbf49968EeAD6F33C1E867d042C8,0xa0ef35e8ddffdd5c7fcc2e3faa364c792e32abc5
Lumbo ,LMBO,18,10000000,10000000000000000000000000,0x3a37c3dF53D79cC37d5654d7005fc32A7F32baEB,2022-10-24 05:10:11 +0000 UTC,https://raw.githubusercontent.com/roll-assets/ethereum/main/assets/0x3a37c3df53d79cc37d5654d7005fc32a7f32baeb/logo.png,confirmed,0x505c63c9Fc797e680Cb860801e0ba38c67bC70A9,0xa0ef35e8ddffdd5c7fcc2e3faa364c792e32abc5
BOYA,BOYA,18,10000000,10000000000000000000000000,0xB7dC833711575716d617CE5ADa114c535e830b29,2022-10-31 02:10:47 +0000 UTC,https://raw.githubusercontent.com/roll-assets/ethereum/main/assets/0xb7dc833711575716d617ce5ada114c535e830b29/logo.png,confirmed,0x81fF2F18e826A602a440627B73103534e308C135,0xa0ef35e8ddffdd5c7fcc2e3faa364c792e32abc5
Coins From Outer Space,OTC,18,10000000,10000000000000000000000000,0xF029A240aE3330C0e7E5b06c124b6BAB12c59688,2022-10-31 02:25:11 +0000 UTC,https://raw.githubusercontent.com/roll-assets/ethereum/main/assets/0xf029a240ae3330c0e7e5b06c124b6bab12c59688/logo.png,confirmed,0xc07c2FDdC6eb4023c0150AC4D2364f51E2662130,0xa0ef35e8ddffdd5c7fcc2e3faa364c792e32abc5
Scary Token ,SCARY,18,10000000,10000000000000000000000000,0xD8a70Bba04e68F0863D1E8722a1798cb2224254F,2022-10-31 02:29:11 +0000 UTC,https://raw.githubusercontent.com/roll-assets/ethereum/main/assets/0xd8a70bba04e68f0863d1e8722a1798cb2224254f/logo.png,confirmed,0xb0daB9EaB4Ab07537c96E42C3B15Bb35ef1003c9,0xa0ef35e8ddffdd5c7fcc2e3faa364c792e32abc5
Goldie Token ,GOLDIE,18,10000000,10000000000000000000000000,0x8eBd6C7a36Bd74c885a05936800A205dFeAD5F53,2022-10-31 02:32:35 +0000 UTC,https://raw.githubusercontent.com/roll-assets/ethereum/main/assets/0x8ebd6c7a36bd74c885a05936800a205dfead5f53/logo.png,confirmed,0xD8b38E1bDbfD0c78f68B233Cfab3157753B35909,0xa0ef35e8ddffdd5c7fcc2e3faa364c792e32abc5
VFUEL,VFUEL,18,10000000,10000000000000000000000000,0xdDA5DFE8671647E0EcFE78298490A465dFcb4F16,2022-11-07 10:32:35 +0000 UTC,https://raw.githubusercontent.com/roll-assets/ethereum/main/assets/0xdda5dfe8671647e0ecfe78298490a465dfcb4f16/logo.png,confirmed,0xa8b2a03d206A0Cfee4E16112089C4C865766aA92,0xa0ef35e8ddffdd5c7fcc2e3faa364c792e32abc5
CHCGO Token,CHCGO,18,10000000,10000000000000000000000000,0x9E6a42e1bfA406C9D3044F4c7561E670185731d4,2022-11-07 10:35:59 +0000 UTC,https://raw.githubusercontent.com/roll-assets/ethereum/main/assets/0x9e6a42e1bfa406c9d3044f4c7561e670185731d4/logo.png,confirmed,0x4ABb9BA86f6044480f548Bd9a9D7DF0aC2D41854,0xa0ef35e8ddffdd5c7fcc2e3faa364c792e32abc5
Otter Token ,OTTER,18,10000000,10000000000000000000000000,0x8945Ac76fa6b5c01DB720df229121809F1650142,2022-11-07 10:43:35 +0000 UTC,https://raw.githubusercontent.com/roll-assets/ethereum/main/assets/0x8945ac76fa6b5c01db720df229121809f1650142/logo.png,confirmed,0xAd558D2976B7f5c2da8eaf0A3d38792456dCCe5D,0xa0ef35e8ddffdd5c7fcc2e3faa364c792e32abc5
AR,AR,18,10000000,10000000000000000000000000,0x408b0b00957CD4a2eBCd8123E61e624FFB54c9e3,2022-11-07 10:40:11 +0000 UTC,https://raw.githubusercontent.com/roll-assets/ethereum/main/assets/0x408b0b00957cd4a2ebcd8123e61e624ffb54c9e3/logo.png,confirmed,0x96a1DebD2Ff404Ac277DD07229233215b9B63EDd,0xa0ef35e8ddffdd5c7fcc2e3faa364c792e32abc5
Sturec ,STUREC,18,10000000,10000000000000000000000000,0x8f1f12250DD7932b8623A42CdD58E3d9323cf6eF,2022-11-07 10:46:35 +0000 UTC,https://raw.githubusercontent.com/roll-assets/ethereum/main/assets/0x8f1f12250dd7932b8623a42cdd58e3d9323cf6ef/logo.png,confirmed,0x3a13B672339B08Cd1258AC59a8142DbBD140f797,0xa0ef35e8ddffdd5c7fcc2e3faa364c792e32abc5
Crypto Soltan ,CS,18,10000000,10000000000000000000000000,0x67215398899eB20d2Be8Dc4E3e0BFaDA3C23379A,2022-11-21 10:58:59 +0000 UTC,https://raw.githubusercontent.com/roll-assets/ethereum/main/assets/0x67215398899eb20d2be8dc4e3e0bfada3c23379a/logo.png,confirmed,0xA838201E8718d12E5f8e4Acb2fe36A22B05755e1,0xa0ef35e8ddffdd5c7fcc2e3faa364c792e32abc5
CHROME,CHROM,18,10000000,10000000000000000000000000,0xF4390da7713411C7b382A950c8855292946Fe53f,2022-11-21 10:56:23 +0000 UTC,https://raw.githubusercontent.com/roll-assets/ethereum/main/assets/0xf4390da7713411c7b382a950c8855292946fe53f/logo.png,confirmed,0x3c5d8e4d14495f7037c023501458D5b1A610E337,0xa0ef35e8ddffdd5c7fcc2e3faa364c792e32abc5
Harto ,HARTO,18,10000000,10000000000000000000000000,0x032866133277D318Bba653cDDe8Dc34E124322c9,2022-11-21 10:51:59 +0000 UTC,https://raw.githubusercontent.com/roll-assets/ethereum/main/assets/0x032866133277d318bba653cdde8dc34e124322c9/logo.png,confirmed,0x15bb67cdc7893fE9C6C98872A81a3d4B1218E5A9,0xa0ef35e8ddffdd5c7fcc2e3faa364c792e32abc5
Chrome Partners,CP,18,10000000,10000000000000000000000000,0xAB37B34117456Bc16FaFbc6AdBec4553EeC7C500,2022-11-21 11:01:47 +0000 UTC,https://raw.githubusercontent.com/roll-assets/ethereum/main/assets/0xab37b34117456bc16fafbc6adbec4553eec7c500/logo.png,confirmed,0x4bB32141Ec5DABEC5fcc0354D7147364c0971a45,0xa0ef35e8ddffdd5c7fcc2e3faa364c792e32abc5
RNA,RNA,18,10000000,10000000000000000000000000,0x2376d5C04240842AFe1c4e0F363Ed186c52b3F64,2022-11-28 04:45:35 +0000 UTC,https://raw.githubusercontent.com/roll-assets/ethereum/main/assets/0x2376d5c04240842afe1c4e0f363ed186c52b3f64/logo.png,confirmed,0xEC33D2659994275fC069285c0a73DBD122BBF290,0xa0ef35e8ddffdd5c7fcc2e3faa364c792e32abc5
Decentralized Producer,DPROD,18,10000000,10000000000000000000000000,0xC83044f96a47a7C6444BA2aCdf4ADdd586AdF59C,2022-11-28 04:48:35 +0000 UTC,https://raw.githubusercontent.com/roll-assets/ethereum/main/assets/0xc83044f96a47a7c6444ba2acdf4addd586adf59c/logo.png,confirmed,0xE8b3E7303c8B8a9AAa8A4D735B9821EAF5EdF7B4,0xa0ef35e8ddffdd5c7fcc2e3faa364c792e32abc5
Sky Man,SKYMN,18,10000000,10000000000000000000000000,0x5dc222B2c721F9aA9A4d2657faC3dA1617C9A78c,2022-12-12 06:07:35 +0000 UTC,https://raw.githubusercontent.com/roll-assets/ethereum/main/assets/0x5dc222b2c721f9aa9a4d2657fac3da1617c9a78c/logo.png,confirmed,0xab7fe5C79303f6Ee0f3809eE5DE24f80109B6597,0xa0ef35e8ddffdd5c7fcc2e3faa364c792e32abc5
GOOD,GOOD,18,10000000,10000000000000000000000000,0x4e43Bc57C03bE64E8448aBe055573dFD2Ea361B6,2022-12-05 06:52:11 +0000 UTC,https://raw.githubusercontent.com/roll-assets/ethereum/main/assets/0x4e43bc57c03be64e8448abe055573dfd2ea361b6/logo.png,confirmed,0xE3a61415a5E48D99E813E69ff498C48F26F47Baa,0xa0ef35e8ddffdd5c7fcc2e3faa364c792e32abc5
Bali ,BALI,18,10000000,10000000000000000000000000,0x7ad50074aec102d5F0466F84098912209a7D5F9A,2022-12-12 06:01:59 +0000 UTC,https://raw.githubusercontent.com/roll-assets/ethereum/main/assets/0x7ad50074aec102d5f0466f84098912209a7d5f9a/logo.png,confirmed,0x9ADc41A34fE71FBbF1310615D467cF15b2eEd704,0xa0ef35e8ddffdd5c7fcc2e3faa364c792e32abc5
NUVEM,NUVEM,18,10000000,10000000000000000000000000,0x32CB89969CbB1F47056a2E4dE53793102553fcd0,2022-12-19 02:23:47 +0000 UTC,https://raw.githubusercontent.com/roll-assets/ethereum/main/assets/0x32cb89969cbb1f47056a2e4de53793102553fcd0/logo.png,confirmed,0x9cd6593C17583B0Bf729D72990236165Dd65264d,0xa0ef35e8ddffdd5c7fcc2e3faa364c792e32abc5
BSB,BSB,18,10000000,10000000000000000000000000,0xA872929bE0e392b962fE0b12BEb5e6A68f768891,2022-12-19 02:28:11 +0000 UTC,https://raw.githubusercontent.com/roll-assets/ethereum/main/assets/0xa872929be0e392b962fe0b12beb5e6a68f768891/logo.png,confirmed,0x18Cb89a9d93b806fb52382C314968F234eB58F2e,0xa0ef35e8ddffdd5c7fcc2e3faa364c792e32abc5
Happy Me Happy We,HMHW,18,10000000,10000000000000000000000000,0xe365F4118CD065A9D65d3eB09b881Cc10f86Bd1c,2022-12-19 02:35:35 +0000 UTC,https://raw.githubusercontent.com/roll-assets/ethereum/main/assets/0xe365f4118cd065a9d65d3eb09b881cc10f86bd1c/logo.png,confirmed,0x9270Ba23E32d04E70556c06C76E271F817801e61,0xa0ef35e8ddffdd5c7fcc2e3faa364c792e32abc5
Crypto Cuts,CCS,18,10000000,10000000000000000000000000,0x5727372588a7e80349FC798eaEAF22423937fB94,2022-12-19 03:02:47 +0000 UTC,https://raw.githubusercontent.com/roll-assets/ethereum/main/assets/0x5727372588a7e80349fc798eaeaf22423937fb94/logo.png,confirmed,0xc07Ee268F6EF6aDd74fF2E58ac104d60571FCe95,0xa0ef35e8ddffdd5c7fcc2e3faa364c792e32abc5
PRESI,PRES,18,10000000,10000000000000000000000000,0x261e4f4e6de4E3e752dF1D967679147f7f6FcF53,2023-01-09 06:35:23 +0000 UTC,https://raw.githubusercontent.com/roll-assets/ethereum/main/assets/0x261e4f4e6de4e3e752df1d967679147f7f6fcf53/logo.png,confirmed,0xacd0a6471F3B69Dc49452a167e68dbB297444aD0,0xa0ef35e8ddffdd5c7fcc2e3faa364c792e32abc5
Lyris,LYRIS,18,10000000,10000000000000000000000000,0x50D76C141FFff8f7C2F4F246a1954a42D44ac9F2,2023-01-09 06:38:59 +0000 UTC,https://raw.githubusercontent.com/roll-assets/ethereum/main/assets/0x50d76c141ffff8f7c2f4f246a1954a42d44ac9f2/logo.png,confirmed,0x89Aa64777A659E6b117D9d4888802DF6E27a5481,0xa0ef35e8ddffdd5c7fcc2e3faa364c792e32abc5
" Sail The Star",SAIL,18,10000000,10000000000000000000000000,0xDA9aB98d2Cff952B8Af277A8c0d7Cc1D66686797,2023-01-09 06:45:23 +0000 UTC,https://raw.githubusercontent.com/roll-assets/ethereum/main/assets/0xda9ab98d2cff952b8af277a8c0d7cc1d66686797/logo.png,confirmed,0xaE172d2414544A9Bcdb657f72E97A33a9A55F80D,0xa0ef35e8ddffdd5c7fcc2e3faa364c792e32abc5
Live-in Care,HLIC,18,10000000,10000000000000000000000000,0xBE77cEB1C606E2E70e857A705C347b5D036A6080,2023-01-16 17:36:47 +0000 UTC,https://raw.githubusercontent.com/roll-assets/ethereum/main/assets/0xbe77ceb1c606e2e70e857a705c347b5d036a6080/logo.png,confirmed,0x41E91Dad9F464A3C3d7F2A1e77DF8a7F5E9465BA,0xa0ef35e8ddffdd5c7fcc2e3faa364c792e32abc5
Build in Public,BIP,18,10000000,10000000000000000000000000,0x1a1095580690537652C5d3ca9fbC74C8513111Ca,2023-01-16 17:41:59 +0000 UTC,https://raw.githubusercontent.com/roll-assets/ethereum/main/assets/0x1a1095580690537652c5d3ca9fbc74c8513111ca/logo.png,confirmed,0x21e011E23EAFbAE9aeD76f804D5211277569B7D0,0xa0ef35e8ddffdd5c7fcc2e3faa364c792e32abc5
Florida Man,FLMAN,18,10000000,10000000000000000000000000,0x579088beeEa792Ba89d1AA94BF2a3b3E0E131e91,2023-01-23 08:29:59 +0000 UTC,https://raw.githubusercontent.com/roll-assets/ethereum/main/assets/0x579088beeea792ba89d1aa94bf2a3b3e0e131e91/logo.png,confirmed,0x86c97A17f69a420D15fD15dDDBF7bCaBe82FA799,0xa0ef35e8ddffdd5c7fcc2e3faa364c792e32abc5
GDLK,GDLK,18,10000000,10000000000000000000000000,0x7bAC11C9991910100e19fd73BbA5Ffb91a17E811,2023-01-23 08:33:47 +0000 UTC,https://raw.githubusercontent.com/roll-assets/ethereum/main/assets/0x7bac11c9991910100e19fd73bba5ffb91a17e811/logo.png,confirmed,0x2eDe1838153BB5966B96c4B9a89F60C2f5ef954D,0xa0ef35e8ddffdd5c7fcc2e3faa364c792e32abc5
INK,INK,18,10000000,10000000000000000000000000,0xf24e898bba85BC70dc3AA6DF1f819C2ECC8876B5,2023-01-30 05:31:47 +0000 UTC,https://raw.githubusercontent.com/roll-assets/ethereum/main/assets/0xf24e898bba85bc70dc3aa6df1f819c2ecc8876b5/logo.png,confirmed,0xB4FC4E4739089C9024D93B11aC959fA46F173663,0xa0ef35e8ddffdd5c7fcc2e3faa364c792e32abc5
Mutant KKCREW ,KKCR,18,10000000,10000000000000000000000000,0x0131E1D1E788E02a5E3a317c71b4BAf9BE99456C,2023-01-30 05:35:23 +0000 UTC,https://raw.githubusercontent.com/roll-assets/ethereum/main/assets/0x0131e1d1e788e02a5e3a317c71b4baf9be99456c/logo.png,confirmed,0xd7eDa743b7c9C583630B581248A65b05069113b7,0xa0ef35e8ddffdd5c7fcc2e3faa364c792e32abc5
AMBER,AMBER,18,10000000,10000000000000000000000000,0x2378C3cA14E4F18408C98130317d4a503e47958c,2023-01-30 05:39:47 +0000 UTC,https://raw.githubusercontent.com/roll-assets/ethereum/main/assets/0x2378c3ca14e4f18408c98130317d4a503e47958c/logo.png,confirmed,0xfFF86aE7C8303Cec850D256fF59B1F6c08888CA3,0xa0ef35e8ddffdd5c7fcc2e3faa364c792e32abc5
Story Tokens,STORY,18,10000000,10000000000000000000000000,0xD3fe885E1d8fB4bC743a60C56aE77A73a716885f,2023-01-30 05:43:11 +0000 UTC,https://raw.githubusercontent.com/roll-assets/ethereum/main/assets/0xd3fe885e1d8fb4bc743a60c56ae77a73a716885f/logo.png,confirmed,0xadfB8c70575b6Be951C9A47893Ea82Cff4D6c999,0xa0ef35e8ddffdd5c7fcc2e3faa364c792e32abc5
Saucy,SCY,18,10000000,10000000000000000000000000,0x42CfDbcEa6E85fbDC6A964F884dd240b0A9bB0e5,2023-02-06 05:38:47 +0000 UTC,https://raw.githubusercontent.com/roll-assets/ethereum/main/assets/0x42cfdbcea6e85fbdc6a964f884dd240b0a9bb0e5/logo.png,confirmed,0x9160b9F0196ce25214E0eF6A809218660b99780F,0xa0ef35e8ddffdd5c7fcc2e3faa364c792e32abc5
ACTION,ACTION,18,10000000,10000000000000000000000000,0x2d5747930aBffFD58693B87b2b238e6Ff1173116,2023-02-06 05:41:11 +0000 UTC,https://raw.githubusercontent.com/roll-assets/ethereum/main/assets/0x2d5747930abfffd58693b87b2b238e6ff1173116/logo.png,confirmed,0x56cA3E00CC9435B7683Ad109C4bc9F96Ad2db27b,0xa0ef35e8ddffdd5c7fcc2e3faa364c792e32abc5
FOOD,FOOD,18,10000000,10000000000000000000000000,0xF2C7F3d108f228DC258D4C917Be1160f0c41C9D3,2023-02-06 05:45:11 +0000 UTC,https://raw.githubusercontent.com/roll-assets/ethereum/main/assets/0xf2c7f3d108f228dc258d4c917be1160f0c41c9d3/logo.png,confirmed,0xfFB1c7d2f17cc4293a1b11fA8032184327ec0237,0xa0ef35e8ddffdd5c7fcc2e3faa364c792e32abc5
Para,PARA,18,10000000,10000000000000000000000000,0x3210A79B97D0BE9ce0dF2B42F1136824674E0025,2023-02-13 04:41:23 +0000 UTC,https://raw.githubusercontent.com/roll-assets/ethereum/main/assets/0x3210a79b97d0be9ce0df2b42f1136824674e0025/logo.png,confirmed,0x9dc7f3eba0026a7A86b1349a4aB1c6940305Fd42,0xa0ef35e8ddffdd5c7fcc2e3faa364c792e32abc5
SubSub,SS,18,10000000,10000000000000000000000000,0x4716052aCa4fC84c96031f7023A06FfE0AB44548,2023-02-20 05:15:11 +0000 UTC,https://raw.githubusercontent.com/roll-assets/ethereum/main/assets/0x4716052aca4fc84c96031f7023a06ffe0ab44548/logo.png,confirmed,0x88b48a3Ea8C1D69B4080aB5e04DC341436d7d487,0xa0ef35e8ddffdd5c7fcc2e3faa364c792e32abc5
OurLand,OURLD,18,10000000,10000000000000000000000000,0xAedd9501cF4C7663A9be0bb3c3AB161a5Da41d3B,2023-02-20 05:18:11 +0000 UTC,https://raw.githubusercontent.com/roll-assets/ethereum/main/assets/0xaedd9501cf4c7663a9be0bb3c3ab161a5da41d3b/logo.png,confirmed,0x349d0D90344C50A0fe951B0559CcC86201320610,0xa0ef35e8ddffdd5c7fcc2e3faa364c792e32abc5
YomaArt,YOMA,18,10000000,10000000000000000000000000,0x2596A655d34Da43De8Af56513A9839B707ab58d1,2023-02-20 05:30:11 +0000 UTC,https://raw.githubusercontent.com/roll-assets/ethereum/main/assets/0x2596a655d34da43de8af56513a9839b707ab58d1/logo.png,confirmed,0x902a78FbD689Fc27b7372d68BbfA56054F4bAfdd,0xa0ef35e8ddffdd5c7fcc2e3faa364c792e32abc5
LIGHT,LIGHT,18,10000000,10000000000000000000000000,0xe4972F4709fC4CD471Ba4c65b4B47BF00Da8d6AC,2023-02-27 06:21:35 +0000 UTC,https://raw.githubusercontent.com/roll-assets/ethereum/main/assets/0xe4972f4709fc4cd471ba4c65b4b47bf00da8d6ac/logo.png,confirmed,0x31f9b5a59BE720e14f3d08b2077f9B32bDe3A62d,0xa0ef35e8ddffdd5c7fcc2e3faa364c792e32abc5
Resilience Coin,RC,18,10000000,10000000000000000000000000,0x1c195B7E38f5Da317D2af9121F1639DB2Bdf6C27,2023-02-27 06:25:35 +0000 UTC,https://raw.githubusercontent.com/roll-assets/ethereum/main/assets/0x1c195b7e38f5da317d2af9121f1639db2bdf6c27/logo.png,confirmed,0x4e816545649b7390167E854835C188381F0A48C7,0xa0ef35e8ddffdd5c7fcc2e3faa364c792e32abc5
FAAL,FAAL,18,10000000,10000000000000000000000000,0x415Bcf1C18Df42551DB59782349B5813f2c20cB6,2023-03-06 15:41:59 +0000 UTC,https://raw.githubusercontent.com/roll-assets/ethereum/main/assets/0x415bcf1c18df42551db59782349b5813f2c20cb6/logo.png,confirmed,0x4f38c194d4C6Aa2d3DF130fa8E49af0491B4d22c,0xa0ef35e8ddffdd5c7fcc2e3faa364c792e32abc5
Momo Dieng ,MOMO,18,10000000,10000000000000000000000000,0xE6337cc420176683e29B7FC159DCA2A8db4d7109,2023-03-06 15:38:11 +0000 UTC,https://raw.githubusercontent.com/roll-assets/ethereum/main/assets/0xe6337cc420176683e29b7fc159dca2a8db4d7109/logo.png,confirmed,0x88873ab09e9289Cde8434a88E29bBA7bfF3854a4,0xa0ef35e8ddffdd5c7fcc2e3faa364c792e32abc5
Aloha Token,$ALOHA,18,10000000,10000000000000000000000000,0x224C701Bd5AE90E287B67A50Cb4f04b8A4Ac8ad3,2023-03-13 13:49:59 +0000 UTC,https://raw.githubusercontent.com/roll-assets/ethereum/main/assets/0x224c701bd5ae90e287b67a50cb4f04b8a4ac8ad3/logo.png,confirmed,0xb8EacB4833608A2C22587a4CF429b74FbEb093A7,0xa0ef35e8ddffdd5c7fcc2e3faa364c792e32abc5
Metaverse NFT Fund,MNF,18,10000000,10000000000000000000000000,0x5c2057393783e2607B0acb81A96C88F26f238416,2023-03-13 14:29:35 +0000 UTC,https://raw.githubusercontent.com/roll-assets/ethereum/main/assets/0x5c2057393783e2607b0acb81a96c88f26f238416/logo.png,confirmed,0xCF0b56415eBAc1533Ca666e72b70e7632286e232,0xa0ef35e8ddffdd5c7fcc2e3faa364c792e32abc5
The CEO Fund,FUND,18,10000000,10000000000000000000000000,0x86B003bE30156433C2e4dD6D8A2Bf247BB5504eb,2023-03-13 14:14:35 +0000 UTC,https://raw.githubusercontent.com/roll-assets/ethereum/main/assets/0x86b003be30156433c2e4dd6d8a2bf247bb5504eb/logo.png,confirmed,0x7102C2C8ea623238fD84998365c98aD4EC780661,0xa0ef35e8ddffdd5c7fcc2e3faa364c792e32abc5
ZERO,ZERO,18,10000000,10000000000000000000000000,0x510A104B8d3F0092185c190D210f3A1CE4FD5DcF,2023-03-13 14:59:59 +0000 UTC,https://raw.githubusercontent.com/roll-assets/ethereum/main/assets/0x510a104b8d3f0092185c190d210f3a1ce4fd5dcf/logo.png,confirmed,0x9047EC6e380E904c3BEA4A8A45E11D3C85F56EC6,0xa0ef35e8ddffdd5c7fcc2e3faa364c792e32abc5
Dankster Coin,DP3,18,10000000,10000000000000000000000000,0x998cBcF4Ec25657Ef4e99AF2CDe04fc577197a51,2023-03-20 08:00:11 +0000 UTC,https://raw.githubusercontent.com/roll-assets/ethereum/main/assets/0x998cbcf4ec25657ef4e99af2cde04fc577197a51/logo.png,confirmed,0x6a1BA87dDDd3daaC8a46266eB7100689c0A13DE2,0xa0ef35e8ddffdd5c7fcc2e3faa364c792e32abc5
EGGZO,EGZ,18,10000000,10000000000000000000000000,0x08a99c8f1A57F0Fc429B64076d2aaa60695E0622,2023-03-27 15:22:59 +0000 UTC,https://raw.githubusercontent.com/roll-assets/ethereum/main/assets/0x08a99c8f1a57f0fc429b64076d2aaa60695e0622/logo.png,confirmed,0x53D60c37DF789F6a9Ee5A615997f048983B9c5A1,0xa0ef35e8ddffdd5c7fcc2e3faa364c792e32abc5
FNA,FNA,18,10000000,10000000000000000000000000,0x4261a1c7E64e37c7bDe40FEfFFF6880b4f4bCe4b,2023-03-27 14:54:47 +0000 UTC,https://raw.githubusercontent.com/roll-assets/ethereum/main/assets/0x4261a1c7e64e37c7bde40feffff6880b4f4bce4b/logo.png,confirmed,0x89977F867aAEcda26eF1C7C2E8158A46052ed804,0xa0ef35e8ddffdd5c7fcc2e3faa364c792e32abc5
AURA,AURA,18,10000000,10000000000000000000000000,0x0748723F7337Cc3d81f830009Bc8B007130ABb4E,2023-04-24 08:35:35 +0000 UTC,https://raw.githubusercontent.com/roll-assets/ethereum/main/assets/0x0748723f7337cc3d81f830009bc8b007130abb4e/logo.png,confirmed,0x5A2A8fe0ebF64d695349757c638e10124dF68503,0xa0ef35e8ddffdd5c7fcc2e3faa364c792e32abc5
MIGLIA,MIGLIA,18,10000000,10000000000000000000000000,0x10d38217686A8c44f10b43706f4e828f59C72Af9,2023-04-24 08:30:59 +0000 UTC,https://raw.githubusercontent.com/roll-assets/ethereum/main/assets/0x10d38217686a8c44f10b43706f4e828f59c72af9/logo.png,confirmed,0x6c2DB0Bc722da36c52eb58A7eEad2856651fd7C8,0xa0ef35e8ddffdd5c7fcc2e3faa364c792e32abc5
JAH,JAH,18,10000000,10000000000000000000000000,0xaCe807602e05Cd530C131699f3E68cDDF1B79D84,2023-05-01 05:13:59 +0000 UTC,https://raw.githubusercontent.com/roll-assets/ethereum/main/assets/0xace807602e05cd530c131699f3e68cddf1b79d84/logo.png,confirmed,0x6c719BBBE77871C4B50cD7Cd69ec0Dd713688001,0xa0ef35e8ddffdd5c7fcc2e3faa364c792e32abc5
Krisirie ,KST,18,10000000,10000000000000000000000000,0x4d653aDBAf045E9F611B187Edd9Ab96aCF8352ae,2023-05-01 05:20:11 +0000 UTC,https://raw.githubusercontent.com/roll-assets/ethereum/main/assets/0x4d653adbaf045e9f611b187edd9ab96acf8352ae/logo.png,confirmed,0xFFAC10D23396AC2dF1a6Fc290DF60ED6B38417B1,0xa0ef35e8ddffdd5c7fcc2e3faa364c792e32abc5
OLU,OLU,18,10000000,10000000000000000000000000,0xd0de0A40A399Fcb2e8878f6Cebc48cFB4bA1F17f,2023-05-08 01:40:11 +0000 UTC,https://raw.githubusercontent.com/roll-assets/ethereum/main/assets/0xd0de0a40a399fcb2e8878f6cebc48cfb4ba1f17f/logo.png,confirmed,0x1C91986Aa45241C8145F32F5ee53C2B66d655224,0xa0ef35e8ddffdd5c7fcc2e3faa364c792e32abc5
GALOIS,GALOIS,18,10000000,10000000000000000000000000,0x2f2cE5dD2d89768B3ac593349E0cbDf8D5B01758,2023-05-08 03:19:35 +0000 UTC,https://raw.githubusercontent.com/roll-assets/ethereum/main/assets/0x2f2ce5dd2d89768b3ac593349e0cbdf8d5b01758/logo.png,confirmed,0x3eee55b4968F415Ac2bcf09840E50820d107b347,0xa0ef35e8ddffdd5c7fcc2e3faa364c792e32abc5
0rigyn,0G,18,10000000,10000000000000000000000000,0x149310C86636a62617DbB6E66F277AF22A0812A8,2023-05-15 01:27:47 +0000 UTC,https://raw.githubusercontent.com/roll-assets/ethereum/main/assets/0x149310c86636a62617dbb6e66f277af22a0812a8/logo.png,confirmed,0xcE23530ACFA6ff2C288Fa7c055a86AbA7AF0E2bA,0xa0ef35e8ddffdd5c7fcc2e3faa364c792e32abc5
SERC,SERC,18,10000000,10000000000000000000000000,0x86137ff05cD05007F4Ea4c145020763985578Cf3,2023-05-15 01:22:59 +0000 UTC,https://raw.githubusercontent.com/roll-assets/ethereum/main/assets/0x86137ff05cd05007f4ea4c145020763985578cf3/logo.png,confirmed,0x4edBa6d7feE3BB3c4D7cF97fC9b448489607873E,0xa0ef35e8ddffdd5c7fcc2e3faa364c792e32abc5
Creator Success Test,CSTEST,18,10000000,10000000000000000000000000,0x4152Da9797e76E22F732Df7DBB47664f8dbb4C8A,2023-05-22 09:46:35 +0000 UTC,https://raw.githubusercontent.com/roll-assets/ethereum/main/assets/0x4152da9797e76e22f732df7dbb47664f8dbb4c8a/logo.png,confirmed,0xCD81AD6f2dCc6Bf66cD6C3f5C06f63d5ED13D8cD,0xa0ef35e8ddffdd5c7fcc2e3faa364c792e32abc5
MetaHeads,MTH,18,10000000,10000000000000000000000000,0xb915A4E7a9D991ab78CeC5547D28CC01cb0AC535,2023-05-22 09:52:35 +0000 UTC,https://raw.githubusercontent.com/roll-assets/ethereum/main/assets/0xb915a4e7a9d991ab78cec5547d28cc01cb0ac535/logo.png,confirmed,0x579A9692E58Ca532Aa270d59D8d0F401f2DaFA59,0xa0ef35e8ddffdd5c7fcc2e3faa364c792e32abc5
MIND,MIND,18,10000000,10000000000000000000000000,0x550fe44b2eA715A73B163415C6DcF3cc4d45ac8E,2023-05-30 03:38:59 +0000 UTC,https://raw.githubusercontent.com/roll-assets/ethereum/main/assets/0x550fe44b2ea715a73b163415c6dcf3cc4d45ac8e/logo.png,confirmed,0x9eb38e21190483eD79347E703c4eA49dbDcF2185,0xa0ef35e8ddffdd5c7fcc2e3faa364c792e32abc5
Brigade,BOHG,18,10000000,10000000000000000000000000,0xB6d86Fb6785b5a33332168e021FB79d60A2D932e,2023-05-30 03:45:35 +0000 UTC,https://raw.githubusercontent.com/roll-assets/ethereum/main/assets/0xb6d86fb6785b5a33332168e021fb79d60a2d932e/logo.png,confirmed,0x8cA5B669B74a2aEeB9A214a5Fe92c701992478AB,0xa0ef35e8ddffdd5c7fcc2e3faa364c792e32abc5
Endymion,EDM,18,10000000,10000000000000000000000000,0xa8e43fbAA5b6FCCb44011E5DEBd2B460f0c25baB,2023-06-05 07:32:23 +0000 UTC,https://raw.githubusercontent.com/roll-assets/ethereum/main/assets/0xa8e43fbaa5b6fccb44011e5debd2b460f0c25bab/logo.png,confirmed,0x67A779Eea29faC72ce75c64A21c5939E78E73796,0xa0ef35e8ddffdd5c7fcc2e3faa364c792e32abc5
Llama Loot,LLAMA,18,10000000,10000000000000000000000000,0x72B7632222FfE14ccc2eD7ad4eab83E56dA7FEf0,2023-06-19 05:28:35 +0000 UTC,https://raw.githubusercontent.com/roll-assets/ethereum/main/assets/0x72b7632222ffe14ccc2ed7ad4eab83e56da7fef0/logo.png,confirmed,0x990C429b6867f391CEf45f07119098EaC36DDBCc,0xa0ef35e8ddffdd5c7fcc2e3faa364c792e32abc5
Crypto Jeter,CRYPJ,18,10000000,10000000000000000000000000,0x8732aeD504503EE37394d2747Ae7976C9B3F51d1,2023-06-26 13:04:59 +0000 UTC,https://raw.githubusercontent.com/roll-assets/ethereum/main/assets/0x8732aed504503ee37394d2747ae7976c9b3f51d1/logo.png,confirmed,0xD43D05d7C5E0182550AC103A48e38A12167fEa17,0xa0ef35e8ddffdd5c7fcc2e3faa364c792e32abc5
SHIPcoin,SHIPC,18,10000000,10000000000000000000000000,0x07DBa9890912A0291e1E70a7C41a9f661c9aa1C4,2023-07-09 22:32:35 +0000 UTC,https://raw.githubusercontent.com/roll-assets/ethereum/main/assets/0x07dba9890912a0291e1e70a7c41a9f661c9aa1c4/logo.png,confirmed,0x97FB76Ba55eB61673cccBB325921038f5f2198AD,0xa0ef35e8ddffdd5c7fcc2e3faa364c792e32abc5
XSTREAM,STRX,18,10000000,10000000000000000000000000,0x521376ab92FE244b28aC18CAfA0D73Fb3223d0bF,2023-07-17 05:20:47 +0000 UTC,https://raw.githubusercontent.com/roll-assets/ethereum/main/assets/0x521376ab92fe244b28ac18cafa0d73fb3223d0bf/logo.png,confirmed,0x1FaAdF3006E8e869A8812d020671B7a0A7201929,0xa0ef35e8ddffdd5c7fcc2e3faa364c792e32abc5
WUBS,WUBS,18,10000000,10000000000000000000000000,0x93CF71Fb300cB0d48ba8cc2f868c91A08aCaedbE,2023-07-24 05:56:35 +0000 UTC,https://raw.githubusercontent.com/roll-assets/ethereum/main/assets/0x93cf71fb300cb0d48ba8cc2f868c91a08acaedbe/logo.png,confirmed,0x35d09f711667152aE73e967516B83C1E189389cA,0xa0ef35e8ddffdd5c7fcc2e3faa364c792e32abc5
AiE coin,AIE,18,10000000,10000000000000000000000000,0x946E974B3e8Dd669fc8bfdbA34aD2006fa5d40AC,2023-07-24 06:18:59 +0000 UTC,https://raw.githubusercontent.com/roll-assets/ethereum/main/assets/0x946e974b3e8dd669fc8bfdba34ad2006fa5d40ac/logo.png,confirmed,0xD7BB857E8A85f1A9dE9e3Dd051F2480A9FEd5dBc,0xa0ef35e8ddffdd5c7fcc2e3faa364c792e32abc5
BUENO,BUENO,18,10000000,10000000000000000000000000,0xeBdc98eDD7304F40409d36c1381B66081151Cac7,2023-07-24 06:02:11 +0000 UTC,https://raw.githubusercontent.com/roll-assets/ethereum/main/assets/0xebdc98edd7304f40409d36c1381b66081151cac7/logo.png,confirmed,0x6d79bF03f67c66bc74c6057869432934A2D869A6,0xa0ef35e8ddffdd5c7fcc2e3faa364c792e32abc5
LIVE coin,LIVE,18,10000000,10000000000000000000000000,0x9A1E08f70d48CD0ec2218fD32F28b9f072Fa9bF2,2023-08-07 13:53:11 +0000 UTC,https://raw.githubusercontent.com/roll-assets/ethereum/main/assets/0x9a1e08f70d48cd0ec2218fd32f28b9f072fa9bf2/logo.png,confirmed,0x5137A8c8C11024326d5E78D0B722a8f4b49A74aF,0xa0ef35e8ddffdd5c7fcc2e3faa364c792e32abc5
Radio TV,RTV,18,10000000,10000000000000000000000000,0x788F37a309cEB70c2E40DC5124F14c8DD5284fa2,2023-08-07 13:48:35 +0000 UTC,https://raw.githubusercontent.com/roll-assets/ethereum/main/assets/0x788f37a309ceb70c2e40dc5124f14c8dd5284fa2/logo.png,confirmed,0x881b19cDa238837B1F1649De0DCFB0823d7620C8,0xa0ef35e8ddffdd5c7fcc2e3faa364c792e32abc5
oCH0NK,OCH0NK,18,10000000,10000000000000000000000000,0x7bB4C084AAF67584111BA37cAb124cE30C065403,2023-10-02 04:30:59 +0000 UTC,https://raw.githubusercontent.com/roll-assets/ethereum/main/assets/0x7bb4c084aaf67584111ba37cab124ce30c065403/logo.png,confirmed,0xe579527038061170B295A8AF2962347A457D8f37,0xa0ef35e8ddffdd5c7fcc2e3faa364c792e32abc5
DAYDREAMX,DREAMX,18,10000000,10000000000000000000000000,0x9E9CBEF05205E34D9916adcB3eFD1BA9D7748C43,2023-10-02 04:35:47 +0000 UTC,https://raw.githubusercontent.com/roll-assets/ethereum/main/assets/0x9e9cbef05205e34d9916adcb3efd1ba9d7748c43/logo.png,confirmed,0xeFd9cE85cb58aa4A8B8f0f339028eEB7F539EdA4,0xa0ef35e8ddffdd5c7fcc2e3faa364c792e32abc5
